doi,journal_short,publication_year,title,funder_source,n_funders,funders
10.1257/aer.20200295,AER,2021,Can Network Theory-Based Targeting Increase Technology Adoption?,fulltext,3,Abdul Latif Jameel Poverty Action Lab (J-PAL) | International Initiative for Impact Evaluation (3ie) | National Science Foundation
10.1257/aer.20200705,AER,2021,On Her Own Account: How Strengthening Women’s Financial Control Impacts Labor Supply and Gender Norms,fulltext,6,IZA's Growth and Labour Markets in Low Income Countries Programme | Bill & Melinda Gates Foundation | FCDO | Harvard's Center for Population and Development Studies | Abdul Latif Jameel Poverty Action Lab (J-PAL) | Innovations for Poverty Action's Financial Services for the Poor Initiative
10.1257/aer.20191780,AER,2021,Types of Contact: A Field Experiment on Collaborative and Adversarial Caste Integration,fulltext,5,Weiss Family Fund | Abdul Latif Jameel Poverty Action Lab (J-PAL) | Center for International Studies | MIT-India | Shultz Fund
10.1257/aer.20201112,AER,2022,Reshaping Adolescents' Gender Attitudes: Evidence from a School-Based Experiment in India,fulltext,5,Abdul Latif Jameel Poverty Action Lab (J-PAL) | International Initiative for Impact Evaluation (3ie) | Bill & Melinda Gates Foundation | International Growth Centre | Northwestern Global Poverty Research Lab
10.1257/aer.20221215,AER,2024,Does the Squeaky Wheel Get More Grease? The Direct and Indirect Effects of Citizen Participation on Environmental Governance in China,fulltext,3,National Science Foundation of China | HKU Education Consulting Shenzhen | Energy Policy Institute at U Chicago (EPIC)
10.1257/aer.20210766,AER,2022,"Credit, Attention, and Externalities in the Adoption of Energy Efficient Technologies by Low-Income Households",fulltext,7,Weiss Family Fund | International Growth Centre | University of Chicago Booth School of Business | Analytics at Wharton | Berkeley X-Lab | Art Rosenfeld Fund for Energy Efficiency | Kleinman Center for Energy Policy
10.1257/aer.20200751,AER,2022,Targeting High Ability Entrepreneurs Using Community Information: Mechanism Design in the Field,fulltext,4,Asian Development Bank | Weiss Family Fund | Private Enterprise Development in Low-Income Countries (PEDL) | Schultz Fund at MIT
10.1257/aer.20190830,AER,2021,"How Research Affects Policy: Experimental Evidence from 2,150 Brazilian Municipalities",fulltext,4,Lemann Brazil Research Fund at Harvard | Weiss Family Fund | Warburg Fund | Abdul Latif Jameel Poverty Action Lab (J-PAL)
10.1257/aer.20201159,AER,2022,Local Elites as State Capacity: How City Chiefs Use Local Information to Increase Tax Compliance in the Democratic Republic of the Congo,fulltext,2,EGAP Metaketa II Taxation Initiative | International Centre for Tax and Development
10.1257/aer.20191178,AER,2021,"Consumption Response to Credit Expansions: Evidence from Experimental Assignment of 45,307 Credit Lines",fulltext,3,National Bureau of Economic Research | Alfred P. Sloan Foundation | Stanford Institute for Economic Policy Research
10.1257/aer.20200961,AER,2022,Job Search and Hiring with Limited Information about Workseekers’ Skills,fulltext,4,National Science Foundation | Private Enterprise Development in Low Income Countries | W. E. Upjohn Institute for Employment Research | UKRI GCRF Accelerating Achievement for Africa's Adolescents Hub
10.1257/aer.20200523,AER,2021,The Challenges of Universal Health Insurance in Developing Countries: Experimental Evidence from Indonesia’s National Health Insurance,fulltext,2,Australian Department of Foreign Affairs and Trade | KOICA
10.1257/aer.20191972,AER,2021,"Recruitment, Effort, and Retention Effects of Performance Contracts for Civil Servants: Experimental Evidence from Rwandan Primary Schools",fulltext,3,FCDO | Oxford University John Fell Fund | World Bank Group
10.1257/aer.20191726,AER,2021,The Impacts of a Multifaceted Prenatal Intervention on Human Capital Accumulation in Early Life,fulltext,3,FCDO | Economic and Social Research Council | European Research Council
10.1257/aer.20220717,AER,2024,Resisting Social Pressure in the Household Using Mobile Money: Experimental Evidence on Microenterprise Investment in Uganda,fulltext,1,anonymous donor
10.1257/aer.20201661,AER,2022,"Fictional Money, Real Costs: Impacts of Financial Salience on Disadvantaged Students",fulltext,0,
10.1257/aer.20211826,AER,2023,Does Identity Affect Labor Supply?,fulltext,3,Center for Development Economics and Policy | Program for Economic Research at Columbia University | National Science Foundation
10.1257/aer.20211616,AER,2022,The Psychosocial Value of Employment: Evidence from a Refugee Camp,fulltext,4,Bill & Melinda Gates Foundation | FCDO | Innovation for Poverty Action's Peace & Recovery Program | Building the Evidence on Forced Displacement: A Multi-Stakeholder Partnership
10.1257/aer.20201385,AER,2021,Labor Rationing,fulltext,1,National Science Foundation
10.1257/aer.20210122,AER,2022,Market Access and Quality Upgrading: Evidence from Four Field Experiments,fulltext,2,Swedish Research Council | Riksbankens Jubileumsfond
10.1257/aer.20211207,AER,2023,"Subjective Performance Evaluation, Influence Activities, and Bureaucratic Work Behavior: Evidence from China",fulltext,2,Abdul Latif Jameel Poverty Action Lab (J-PAL) | National Natural Science Foundation of China
10.1257/aer.20220720,AER,2023,A Signal to End Child Marriage: Theory and Experimental Evidence from Bangladesh,fulltext,5,US National Institutes of Health | International Initiative for Impact Evaluation and Global Development Network | Nike Foundation | International Development Research Center | GrOW
10.1257/aer.20210687,AER,2023,The Economic Impact of Depression Treatment in India: Evidence from Community-Based Provision of Pharmacotherapy,fulltext,3,Swiss Agency for Development and Cooperation | Swiss National Science Foundation | Abdul Latif Jameel Poverty Action Lab (J-PAL)
10.1257/aer.20231247,AER,2025,Mission Motivation and Public Sector Performance: Experimental Evidence from Pakistan,fulltext,6,International Growth Centre | Center for Effective Global Action | Weiss Family Fund | Spiller Award | Sasakawa Fellowship | Oliver Williamson Fund
10.1257/aer.20200125,AER,2021,An Experiment in Candidate Selection,fulltext,4,FCDO | Abdul Latif Jameel Poverty Action Lab (J-PAL) | International Growth Centre | Stanford Institute for Innovation in Developing Economies
10.1257/aer.20210701,AER,2023,When a Doctor Falls from the Sky: The Impact of Easing Doctor Supply Constraints on Mortality,fulltext,1,Eunice Kennedy Shriver National Institute for Child Health and Human Development
10.1257/aer.20210169,AER,2024,Asset-Based Microfinance for Microenterprises: Evidence from Pakistan,fulltext,3,Financial Services for the Poor Research Fund at Innovations for Poverty Action | Bill & Melinda Gates Foundation | Private Enterprise Development in Low-Income Countries (PEDL)
10.1257/aer.20190586,AER,2021,The Selection of Talent: Experimental and Structural Evidence from Ethiopia,fulltext,2,International Growth Centre | John Fell Fund
10.1257/aer.20201892,AER,2022,Persistent Polarizing Effects of Persuasion: Experimental Evidence from Turkey,fulltext,4,NSF Graduate Research Fellowship program | Weatherhead Center for International Affairs | Abdul Latif Jameel Poverty Action Lab (J-PAL) | Center for Middle Eastern Studies at UC Berkeley
10.1257/aer.20210461,AER,2023,Electronic Food Vouchers: Evidence from an At-Scale Experiment in Indonesia,fulltext,3,Australian Government | United States Agency for International Development (USAID) | Abdul Latif Jameel Poverty Action Lab (J-PAL)
10.1257/aer.20220471,AER,2024,Urban Public Works in Spatial Equilibrium: Experimental Evidence from Ethiopia,fulltext,1,Jobs Umbrella Multidonor Trust Fund (MDTF) at the World Bank
10.1257/aer.20210778,AER,2022,All Eyes on Them: A Field Experiment on Citizen Oversight and Electoral Integrity,fulltext,3,Abdul Latif Jameel Poverty Action Lab (J-PAL) | Center on the Politics of Development UC Berkeley | George and Obie Schultz Fund
10.1257/aer.20211879,AER,2023,Worth Your Weight: Experimental Evidence on the Benefits of Obesity in Low-Income Countries,fulltext,2,Swiss Re Foundation | Swiss National Science Foundation
10.1257/aer.20230084,AER,2024,Nurturing Childhood Curiosity to Enhance Learning: Evidence from a Randomized Pedagogical Intervention,fulltext,2,Abdul Latif Jameel Poverty Action Lab (J-PAL) | ING Bank Turkey
10.1257/aer.20210987,AER,2024,Monitoring in Small Firms: Experimental Evidence from Kenyan Public Transit,fulltext,2,DIL | Private Enterprise Development in Low-Income Countries (PEDL)
10.1257/aer.20221234,AER,2025,Land Rental Markets: Experimental Evidence from Kenya,fulltext,2,Swiss National Science Foundation | European Research Council (ERC) under the European Union's Horizon 2020 research and innovation programme
10.1257/aer.20220616,AER,2024,Big Loans to Small Businesses: Predicting Winners and Losers in an Entrepreneurial Lending Experiment,fulltext,3,FCDO | Innovation Growth Lab | Argidius Foundation
10.1257/aer.20241305,AER,2025,The Negligible Effect of Free Contraception on Fertility: Experimental Evidence from Burkina Faso,fulltext,7,Fidelity Charitable | Templeton Foundation | IPV Initiative at IPA | NWO | European Research Council | California Center for Population Research at UCLA | Eunice Kennedy Shriver National Institute of Child Health and Human Development
10.1257/aer.20240374,AER,2025,Empowering Adolescents to Transform Schools: Lessons from a Behavioral Targeting,fulltext,2,European Union | Abdul Latif Jameel Poverty Action Lab (J-PAL)
10.1257/aer.20191657,AER,2021,Pay Me Later: Savings Constraints and the Demand for Deferred Payments,fulltext,3,Financial Services for the Poor Research Fund at Innovations for Poverty Action | Bill & Melinda Gates Foundation | USDA National Institute of Food and Agriculture
10.1257/aer.20220711,AER,2024,Indirect Effects of Access to Finance,fulltext,4,Private Enterprise Development in Low-Income Countries (PEDL) | University of Michigan | Central European University | European Research Council
10.1257/aer.20220296,AER,2024,Investing in the Next Generation: The Long-Run Impacts of a Liquidity Shock,fulltext,5,Private Enterprise Development in Low-Income Countries (PEDL) | NSF Rapid | IPA SME | WAPP Harvard | Yale Economic Growth Center
10.1257/aer.20230758,AER,2025,Leaders in Social Movements: Evidence from Unions in Myanmar,fulltext,4,"International Growth Centre | STICERD | Joint Usage and Research Center IER, Hitotsubashi University | Japan Society for the Promotion of Science"
10.1257/aer.20240119,AER,2025,Drivers of Change: Employment Responses to the Lifting of the Saudi Female Driving Ban,fulltext,3,Uber's Masaruky Initiative | Ministry of Human Resources and Social Development in Saudi Arabia | Harvard Kennedy School Evidence for Policy Design (EPOD)
10.1257/aer.20190565,AER,2022,Vulnerability and Clientelism,fulltext,5,AECID | Canadian Institute for Advanced Research | Canada Research Chairs Program | Social Sciences and Humanities Research Council of Canada | Ontario Work Study program
10.1257/aer.20230947,AER,2025,Effects of Enhanced Legal Aid in Child Welfare: Evidence from a Randomized Trial of Mi Abogado,fulltext,1,MIT Sloan Latin America Office
10.1257/aeri.20190382,AERI,2021,Connecting the Countryside via E-Commerce: Evidence from China,fulltext,6,"Bill & Melinda Gates Foundation | CEGA | Clausen Center | Haas School of Business | Weiss Family Fund | Natural Science Foundation of Guangdong Province, China"
10.1257/aeri.20200667,AERI,2021,Long-Term Effects of the Targeting the Ultra Poor Program,fulltext,2,CGAP | Ford Foundation
10.1257/aeri.20230431,AERI,2025,Money (Not) to Burn: Payments for Ecosystem Services to Reduce Crop Residue Burning,fulltext,2,Abdul Latif Jameel Poverty Action Lab (J-PAL) | Yale Economic Growth Center
10.1257/aeri.20230069,AERI,2024,Cash and Conflict: Large-Scale Experimental Evidence from Niger,fulltext,2,Sahel Adaptive Social Protection Program at the World Bank | European Research Council
10.1257/aeri.20210612,AERI,2022,Cognitive Behavioral Therapy among Ghana's Rural Poor Is Effective Regardless of Baseline Mental Distress,fulltext,4,Bill & Melinda Gates Foundation | Ford Foundation | National Science Foundation | Wellspring Foundation
10.1257/aeri.20220427,AERI,2023,Cognitive Behavioral Therapy Reduces Crime and Violence over Ten Years: Experimental Evidence,fulltext,2,National Science Foundation | Wellspring Philanthropic Fund
10.1257/aeri.20220566,AERI,2023,Hiring Frictions and the Promise of Online Job Portals: Evidence from India,fulltext,6,IGC SGB Evidence Fund | Kellogg Institute for International Studies | Notre Dame Faculty Research Support Program | Abdul Latif Jameel Poverty Action Lab (J-PAL) | Weiss Fund for Research in Development Economics | Social Sciences and Humanities Research Council of Canada
10.1257/aeri.20220321,AERI,2023,Ghosting the Tax Authority: Fake Firms and Tax Fraud in Ecuador,fulltext,2,Swiss National Science Foundation | European Research Council
10.1257/aeri.20230594,AERI,2025,Promotions and Productivity: The Role of Meritocracy and Pay Progression in the Public Sector,fulltext,8,FCDO | Rockefeller Foundation / International Growth Center | Abdul Latif Jameel Poverty Action Lab (J-PAL) | Weiss Family Fund | Spanish Ministry of Economy and Competitiveness | MICIU/AEI | FSE invierte en tu futuro | Fundación Ramón Areces
10.1257/aeri.20200723,AERI,2022,Gotta Have Money to Make Money? Bargaining Behavior and Financial Need of Microentrepreneurs,fulltext,2,New York University | Vassar College
10.1257/aeri.20220696,AERI,2024,Can Financial Incentives to Firms Improve Apprenticeship Training? Experimental Evidence from Ghana,fulltext,16,International Initiative for Impact Evaluation (3ie) | United States Agency for International Development (USAID) | Private Enterprise Development in Low-Income Countries (PEDL) | International Growth Centre | Abdul Latif Jameel Poverty Action Lab (J-PAL) | University of Virginia Bankard Fund | University of Virginia Center for Global Inquiry and Innovation | Frank Batten School at the University of Virginia | Center for Innovative Data in Economics Research (CIDER) at the University of British Columbia Vancouver School of Economics | World Bank Group | FCDO | Government of Norway | Government of Germany | Government of Austria | Austrian Development Agency | Swedish International Development Cooperation Agency
10.1257/aeri.20230156,AERI,2024,The Fading Treatment Effects of a Multifaceted Asset-Transfer Program in Ethiopia,fulltext,3,Bill & Melinda Gates Foundation | anonymous donor via Wellspring Advisors | United States Agency for International Development (USAID)
10.1257/aeri.20240058,AERI,2025,Surviving Bad News: Health Information without Treatment Options,fulltext,3,Swiss Programme for Research on Global Issues for Development | Eunice Kennedy Shriver National Institute of Child Health and Human Development | National Institute on Aging
10.1257/aeri.20240581,AERI,2025,Long-Term and Lasting Impacts of Personal Initiative Training on Entrepreneurial Success,fulltext,4,IPA SME initiative | World Bank Group | infoDev Multi-donor Trust Fund | Deutsche Forschungsgemeinschaft (German Research Foundation) under Germany's Excellence Strategy
10.1257/app.20190396,AEJ_Applied,2021,Subsidies and the African Green Revolution: Direct Effects and Social Network Spillovers of Randomized Input Subsidies in Mozambique,fulltext,1,BASIS Assets and Market Access Innovation Lab of the United States Agency for International Development
10.1257/app.20180340,AEJ_Applied,2021,Growing Markets through Business Training for Female Entrepreneurs: A Market-Level Randomized Experiment in Kenya,fulltext,5,International Initiative for Impact Evaluation (3ie) | Private Enterprise Development in Low-Income Countries (PEDL) | International Labour Organization (ILO) | Strategic Research Program (SRP) | World Bank Group
10.1257/app.20190783,AEJ_Applied,2021,Improving Last-Mile Service Delivery Using Phone-Based Monitoring,fulltext,2,Strategic Impact Evaluation Fund (SIEF) at the World Bank | Bill & Melinda Gates Foundation
10.1257/app.20200025,AEJ_Applied,2022,LinkedIn(to) Job Opportunities: Experimental Evidence from Job Readiness Training,fulltext,2,RTI's Global Center for Youth Employment | National Science Foundation
10.1257/app.20210011,AEJ_Applied,2022,Inefficient Water Pricing and Incentives for Conservation,fulltext,1,International Initiative for Impact Evaluation (3ie)
10.1257/app.20190568,AEJ_Applied,2021,Rational Habit Formation: Experimental Evidence from Handwashing in India,fulltext,5,Abdul Latif Jameel Poverty Action Lab (J-PAL) | Weiss Family Fund | Schultz Fund | United States Agency for International Development (USAID) | Evenson Fund
10.1257/app.20220037,AEJ_Applied,2024,Private Input Suppliers as Information Agents for Technology Adoption in Agriculture,fulltext,1,Abdul Latif Jameel Poverty Action Lab (J-PAL)
10.1257/app.20200503,AEJ_Applied,2023,Are Small Firms Labor Constrained? Experimental Evidence from Ghana,fulltext,8,National Science Foundation Graduate Research Fellowship | Ewing Marion Kauffman Foundation | Institute for Business and Economics Research at UC Berkeley | Private Enterprise Development in Low-Income Countries program | International Growth Centre | International Initiative for Impact Evaluation (3ie) | United States Agency for International Development (USAID) | Centre for Innovation Data in Economics Research at UBC
10.1257/app.20200306,AEJ_Applied,2022,Using Individual-Level Randomized Treatment to Learn about Market Structure,fulltext,2,International Growth Centre | Agricultural Technology Adoption Initiative
10.1257/app.20210583,AEJ_Applied,2023,Uncovering Peer Effects in Social and Academic Skills,fulltext,2,Weiss Family Fund | NAEd Spencer dissertation fellowship
10.1257/app.20210571,AEJ_Applied,2023,Hidden Income and the Perceived Returns to Migration,fulltext,5,Weiss Family Fund | Stanford Institute for Economic Policy Research | Stanford Center on Global Poverty and Development | Stanford School of Humanities and Sciences | Freeman Spogli Institute
10.1257/app.20220532,AEJ_Applied,2024,"Noise, Cognitive Function, and Worker Productivity",fulltext,5,Busara Center for Behavioral Economics | Abdul Latif Jameel Poverty Action Lab (J-PAL) | George and Obi Shultz Fund | National Science Foundation | Weiss Family Fund
10.1257/app.20210683,AEJ_Applied,2023,Is It Who You Are or What You Get? Comparing the Impacts of Loans and Grants for Microenterprise Development,fulltext,1,Sawiris Foundation for Social Development
10.1257/app.20200639,AEJ_Applied,2023,Adverse Selection in Low-Income Health Insurance Markets: Evidence from an RCT in Pakistan,fulltext,1,Deutsche Forschungsgemeinschaft (DFG)
10.1257/app.20210266,AEJ_Applied,2023,Does Exposure to Other Ethnic Regions Promote National Integration? Evidence from Nigeria,fulltext,3,Weiss Family Fund | Harvard Institute for Quantitative Social Science | Lab for Economic Applications and Policy
10.1257/app.20210041,AEJ_Applied,2022,The Effects of Working While in School: Evidence from Employment Lotteries,fulltext,2,Abdul Latif Jameel Poverty Action Lab (J-PAL) | LEAP
10.1257/app.20220072,AEJ_Applied,2024,Digital Information Provision and Behavior Change: Lessons from Six Experiments in East Africa,fulltext,6,International Initiative for Impact Evaluation (3ie) | ATAI | Dioraphte Foundation | Unorthodox Philanthropy | PxD | Anonymous donor
10.1257/app.20230227,AEJ_Applied,2025,"Childcare, Labor Supply, and Business Development: Experimental Evidence from Uganda",fulltext,3,"German Institute of Labor Economics's Growth, Gender, and Labour Markets in Low-Income Countries (IZA-G2LM) research initiative | Research Council of Norway | Private Enterprise Development in Low-Income Countries (PEDL) program"
10.1257/app.20200721,AEJ_Applied,2022,Incentivized Peer Referrals for Tuberculosis Screening: Evidence from India,fulltext,5,World Bank Group | International Growth Centre (IGC) India Central | Johns Hopkins Center for Global Health | Maryland Population Research Center | University of Chicago Trust India
10.1257/app.20230672,AEJ_Applied,2025,"Information Systems, Service Delivery, and Corruption: Evidence From the Bangladesh Civil Service",fulltext,7,Abdul Latif Jameel Poverty Action Lab (J-PAL) | International Growth Centre | Yale Economic Growth Center | MacMillan Center for International and Area Studies | Weiss Family Fund | Sylff fellowship | National University of Singapore Start-Up Grant
10.1257/app.20190722,AEJ_Applied,2021,Does Patient Demand Contribute to the Overuse of Prescription Drugs?,fulltext,1,FCDO
10.1257/app.20220088,AEJ_Applied,2024,Public Information Is an Incentive for Politicians: Experimental Evidence from Delhi Elections,fulltext,4,United States Agency for International Development (USAID) | National Science Foundation | International Initiative for Impact Evaluation (3ie) | International Growth Centre
10.1257/app.20190220,AEJ_Applied,2021,Different Strokes for Different Folks? Experimental Evidence on the Effectiveness of Input and Output Incentive Contracts for Health Care Providers with Varying Skills,fulltext,4,International Initiative for Impact Evaluation (3ie) | FCDO | World Bank Group | Government of Karnataka
10.1257/app.20220443,AEJ_Applied,2024,"Schoolgirls, Not Brides: Education as a Shield against Child Marriage",fulltext,3,Sahel Women's Empowerment and Demographic Dividend (SWEDD) Project in Niger | FCDO | Abdul Latif Jameel Poverty Action Lab (J-PAL)
10.1257/app.20210180,AEJ_Applied,2021,Discriminatory Lending: Evidence from Bankers in the Lab,fulltext,0,
10.1257/app.20230108,AEJ_Applied,2025,"Sustainable Poverty Reduction through Social Assistance: Modality, Context, and Complementary Programming in Bangladesh",fulltext,9,anonymous donor | World Food Programme | Cornell University | CGIAR | German Ministry for Economic Cooperation and Development | FCDO | Swiss Agency for Development and Cooperation | United Nations Development Programme | US Agency for International Development
10.1257/app.20210248,AEJ_Applied,2024,"What’s Behind Her Smile? Health, Looks, and Self-Esteem",fulltext,1,FONDECYT
10.1257/app.20220047,AEJ_Applied,2024,Spillovers without Social Interactions in Urban Sanitation,fulltext,1,Bill & Melinda Gates Foundation
10.1257/app.20190497,AEJ_Applied,2021,Teaching Labor Laws: Evidence from a Randomized Control Trial in South Africa,fulltext,1,United States Agency for International Development (USAID)
10.1257/app.20230150,AEJ_Applied,2025,Can Development Programs Counter Insurgencies? Evidence from a Field Experiment in Afghanistan<sup>†</sup>,fulltext,6,"Food and Agriculture Organisation of the United Nations | World Bank Group | International Development Association | Ministerio de Ciencia e Innovacion | Ministerio de Ciencia, Innovación y universidades | ARO-MURI"
10.1257/pol.20190664,AEJ_EP,2021,"Improving Police Performance in Rajasthan, India: Experimental Evidence on Incentives, Managerial Autonomy, and Training",fulltext,2,Will and Flora Hewlett Foundation | UNODC
10.1257/pol.20200123,AEJ_EP,2022,"Technology, Taxation, and Corruption: Evidence from the Introduction of Electronic Tax Filing",fulltext,2,Impact Program managed by the WBG Trade and Competitiveness Global Practice | Impact Evaluation to Development Impact Trust Fund (i2i) managed under the WBG Development Impact Evaluation Unit
10.1257/pol.20210121,AEJ_EP,2023,Expanding Access to Clean Water for the Rural Poor: Experimental Evidence from Malawi,fulltext,2,Stichting Dioraphte | Stanford Center for Innovation in Global Health
10.1257/pol.20200713,AEJ_EP,2022,"Engaging Teachers with Technology Increased Achievement, Bypassing Teachers Did Not",fulltext,1,Abdul Latif Jameel Poverty Action Lab (J-PAL)
10.1257/pol.20200563,AEJ_EP,2023,"Student Performance, Peer Effects, and Friend Networks: Evidence from a Randomized Peer Intervention",fulltext,4,National Natural Science Foundation of China | National Social Science Fund of China | Natural Science Foundation of Guangdong Province | Fundamental Research Funds for the Central Universities
10.1257/pol.20200778,AEJ_EP,2022,Adviser Value Added and Student Outcomes: Evidence from Randomly Assigned College Advisers,fulltext,0,
10.1257/pol.20210202,AEJ_EP,2023,Incentivizing School Attendance in the Presence of Parent-Child Information Frictions,fulltext,4,"Results in Education for All Children (REACH) | Strategic Research Program (SRP) Trust Funds, World Bank | Research Support Budget (RSB), World Bank | International Growth Centre"
10.1257/pol.20230620,AEJ_EP,2025,"Transmitting Rights: Effective Cooperation, Inter-gender Contact, and Student Achievement",fulltext,3,French National Research Agency (Investments for the Future / Investissements d'Avenir program) | TSE Partnership | ANITI
10.1257/pol.20230283,AEJ_EP,2025,Informing Mothers about the Benefits of Conversing with Infants: Experimental Evidence from Ghana,fulltext,3,World Bank Group | Stanford University | Weiss Fund
10.1257/pol.20240183,AEJ_EP,2025,Social Welfare Portability and Migration: Evidence from India’s Public Distribution System,fulltext,0,
10.3982/ecta17945,ECMA,2022,General Equilibrium Effects of Cash Transfers: Experimental Evidence From Kenya,metadata,2,International Growth Centre | Pershing Square Foundation
10.3982/ecta18916,ECMA,2023,Selection Into Credit Markets: Evidence From Agriculture in Mali,fulltext,0,
10.3982/ecta17497,ECMA,2021,Information Technology and Government Decentralization: Experimental Evidence From Paraguay,metadata,1,International Growth Centre
10.3982/ecta19127,ECMA,2024,Adapting to Climate Risk With Guaranteed Credit: Evidence From Bangladesh,metadata,1,Benelux Association for Stable Isotope Scientists
10.3982/ecta18422,ECMA,2024,Peak‐Hour Road Congestion Pricing: Experimental Evidence and Equilibrium Implications,metadata,3,International Growth Centre | Abdul Latif Jameel Poverty Action Lab (J-PAL) | Urban Institute
10.3982/ecta19959,ECMA,2024,The State Capacity Ceiling on Tax Rates: Evidence From Randomized Tax Abatements in the DRC,fulltext,2,EGAP Metaketa II Taxation Initiative | Abdul Latif Jameel Poverty Action Lab (J-PAL)
10.3982/ecta19408,ECMA,2024,Multinational Enforcement of Labor Law: Experimental Evidence on Strengthening Occupational Safety and Health Committees,metadata,6,"National Alliance for Accessible Golf | Enterprise Community Partners | International Growth Centre | Abdul Latif Jameel Poverty Action Lab (J-PAL) | Sylff Association | University of California, Berkeley"
10.3982/ecta19303,ECMA,2025,"Fisher–Schultz Lecture: Generic Machine Learning Inference on Heterogeneous Treatment Effects in Randomized Experiments, With an Application to Immunization in India",metadata,2,National Science Foundation | Agence Française de Développement
10.3982/ecta18181,ECMA,2023,General Equilibrium Effects of (Improving) Public Employment Programs: Experimental Evidence From India,metadata,1,Bill & Melinda Gates Foundation
10.3982/ecta21567,ECMA,2025,Bayesian Impact Evaluation With Informative Priors: An Application to a Colombian Management and Export Improvement Program,metadata,1,World Bank Group
10.1093/qje/qjab009,QJE,2021,Building Social Cohesion in Ethnically Mixed Schools: An Intervention on Perspective Taking,metadata,3,Abdul Latif Jameel Poverty Action Lab (J-PAL) | IPA's Peace & Recovery Program | Economic and Social Research Council
10.1093/qje/qjae025,QJE,2024,Social Signaling and Childhood Immunization: A Field Experiment in Sierra Leone,metadata,9,"William and Flora Hewlett Foundation | International Growth Centre | National Institutes of Health | Weiss Family Fund for Research in Development | UNICEF | University of California, Berkeley | Princeton University | American Economic Association | RCT"
10.1093/qje/qjab013,QJE,2021,The Economic Consequences of Increasing Sleep Among the Urban Poor,metadata,4,"National Institute on Aging | National Institutes of Health | National Heart, Lung, and Blood Institute | Indian Council of Medical Research"
10.1093/qje/qjae038,QJE,2024,Do Financial Concerns Make Workers Less Productive?,fulltext,4,Weiss Family Program for Research in Development Economics | Eric M. Mindich Research Fund for the Foundations of Human Behavior | Accountability Group | National Science Foundation
10.1093/qje/qjac034,QJE,2022,Improving Workplace Climate in Large Corporations: A Clustered Randomized Intervention,fulltext,2,"Max Planck Institute for Research on Collective Goods | Deutsche Forschungsgemeinschaft (DFG, German Research Foundation) under Germany's Excellence Strategy"
10.1093/qje/qjac032,QJE,2022,Corruption in Customs,metadata,1,World Bank Group
10.1093/qje/qjae003,QJE,2024,Digital Collateral,fulltext,5,United States Agency for International Development (USAID) | CGAP | IFC (as part of the HIFI program) | Abdul Latif Jameel Poverty Action Lab (J-PAL) | UC Berkeley's Lab for Inclusive FinTech (LIFT)
10.1093/qje/qjae018,QJE,2024,Using Divide-and-Conquer to Improve Tax Collection,fulltext,2,INSEAD Dean's Innovation Fund | Princeton Griswold Center for Economic Policy Studies
10.1093/qje/qjac019,QJE,2022,Improving Management Through Worker Evaluations: Evidence from Auto Manufacturing,fulltext,3,University of Michigan | Wharton Dean's Research Fund | Wharton Katz Fund for Research on Leadership and Emotional Intelligence
10.1093/qje/qjaf009,QJE,2025,Can Pollution Markets Work in Developing Countries? Experimental Evidence from India,fulltext,5,MacArthur Foundation | United States Agency for International Development (USAID) | Tata Center for Development at Chicago | Yale Economic Growth Center | National Science Foundation
10.1093/qje/qjaf026,QJE,2025,Sexual Harassment in Public Spaces and Police Patrols: Experimental Evidence from Urban India,fulltext,5,Abdul Latif Jameel Poverty Action Lab (J-PAL) | Princeton University | Leibniz Association | Human Rights Institute at the University of Connecticut | FCDO
10.1093/qje/qjae043,QJE,2024,Cognitive Endurance as Human Capital,fulltext,6,United States Agency for International Development (USAID) | Global Engagement Fund at the University of Pennsylvania | Columbia Global Policy Initiative | Spencer Foundation | Columbia University President's Global Innovation Fund | Weiss Family Program Fund for Research in Development Economics
10.1093/qje/qjab029,QJE,2021,The Allocation of Authority in Organizations: A Field Experiment with Bureaucrats,fulltext,2,International Growth Centre | Abdul Latif Jameel Poverty Action Lab (J-PAL)
10.1093/qje/qjab045,QJE,2021,Why Do People Stay Poor?,fulltext,2,BA | FCDO
10.1086/717891,JPE,2021,How Much Does Your Boss Make? The Effects of Salary Comparisons,fulltext,1,collaborating institution
10.1086/726237,JPE,2023,Investing with the Government: A Field Experiment in China,fulltext,0,
10.1086/724320,JPE,2023,Returns to On-the-Job Soft Skills Training,fulltext,1,Private Enterprise Development in Low-Income Countries (PEDL)
10.1086/720466,JPE,2022,Poor and Rational: Decision-Making under Scarcity,fulltext,0,
10.1086/728109,JPE,2023,Augmenting State Capacity for Child Development: Experimental Evidence from India,fulltext,0,
10.1086/734133,JPE,2024,Misconduct and Reputation under Imperfect Information,fulltext,1,World Bank Group
10.1086/728744,JPE,2023,Preschool Quality and Child Development,fulltext,6,International Initiative for Impact Evaluation (3ie) | Fundación Éxito | European Research Council under the European Union's Horizon 2020 research and innovation program | Economic and Social Research Council Centre for Microeconomic Analysis of Public Policy at the Institute for Fiscal Studies | British Academy Visiting Fellowship | Jacobs Foundation
10.1086/727288,JPE,2023,Impacts of a Large-Scale Parenting Program: Experimental Evidence from Chile,fulltext,6,"World Bank Group | Knowledge for Change program | Strategic Impact Evaluation Fund | Economic and Social Research Council for Centre for Microdata Methods and Practice | European Research Council | Scholarship Formation of the Advanced Human Capital Programme, Becas Chile"
10.1086/736212,JPE,2025,Religious Divisions and Production Technology: Experimental Evidence from India,fulltext,0,
10.1086/736209,JPE,2025,Can Redistribution Change Policy Views? Aid and Attitudes toward Refugees,fulltext,0,
10.1086/732886,JPE,2024,Enhancing Human Capital in Children: A Case Study on Scaling,fulltext,5,Strategic Impact Evaluation Fund of the World Bank | Consejo Nacional de Evaluación de la Política de Desarollo Social | Agence française de développement | Horizon 2020 Marie Skłodowska-Curie Actions Research and Innovation Staff Exchange project GEMCLIME2020 | Agence nationale de la recherche
10.1086/735511,JPE,2025,The Allocation of Incentives in Multilayered Organizations: Evidence from a Community Health Program in Sierra Leone,fulltext,5,Rockefeller Foundation | International Growth Centre | Leverhulme Trust | Spanish Ministry of Economy and Competitiveness | Ramón Areces Foundation
10.1093/restud/rdab005,RES,2021,Improving Management with Individual and Group-Based Consulting: Results from a Randomized Experiment in Colombia,fulltext,4,World Bank Group | Knowledge for Change Program (KCP) | IPA SME Initiative | SENA
10.1093/restud/rdad065,RES,2023,Changes in Social Network Structure in Response to Exposure to Formal Credit Markets,metadata,3,National Science Foundation | AFOSR and DARPA | ARO MURI
10.1093/restud/rdae026,RES,2024,Good Politicians: Experimental Evidence on Motivations for Political Candidacy and Government Performance,fulltext,4,Princeton University Library Open Access Fund | International Growth Centre | FCDO | Abdul Latif Jameel Poverty Action Lab (J-PAL)
10.1093/restud/rdab021,RES,2021,Migration and Informal Insurance: Evidence from a Randomized Controlled Trial and a Structural Model,fulltext,0,
10.1093/restud/rdae003,RES,2024,Information and Bargaining through Agents: Experimental Evidence from Mexico’s Labour Courts,fulltext,3,Abdul Latif Jameel Poverty Action Lab (J-PAL) | Economic Development and Institutions program | Asociacion Mexicana de Cultura
10.1093/restud/rdaf006,RES,2025,"Melons as Lemons: Asymmetric Information, Consumer Learning and Seller Reputation",fulltext,3,Weiss Family Fund | Abdul Latif Jameel Poverty Action Lab (J-PAL) | George and Obie Shultz Fund
10.1093/restud/rdad068,RES,2023,When Less Is More: Experimental Evidence on Information Delivery During India’s Demonetisation,metadata,1,National Science Foundation
10.1093/restud/rdad026,RES,2023,"Credit Access, Selection, and Incentives in a Market for Asset-Collateralized Loans: Evidence From Kenya",fulltext,0,
10.1093/restud/rdaf026,RES,2025,Creating Cohesive Communities: A Youth Camp Experiment in India,fulltext,4,Abdul Latif Jameel Poverty Action Lab (J-PAL) | Institute on Behavior and Inequality (briq) | UCSD Hellman Fellowship | UCSD Yankelovich Fellowship
10.1093/restud/rdae024,RES,2024,Private Sector Provision as an “Escape Valve”: The Mexico Diabetes Experiment,fulltext,1,Eli Lilly and Company
10.1093/restud/rdae112,RES,2024,Consumer Surplus of Alternative Payment Methods,fulltext,0,
10.1093/restud/rdae074,RES,2024,Optimal Pricing of a New Utility Service: The Case of Piped Water in Vietnam,fulltext,4,World Bank Group | Knowledge for Change Program (KCP) | Impact Evaluation to Development Impact (i2i) Fund | Research Support Budget
10.1093/restud/rdaf079,RES,2025,"Contract Terms, Employment Shocks, and Default in Credit Cards",fulltext,0,
10.1162/rest_a_01061,RESTAT,2021,"Cash Transfers, Food Prices, and Nutrition Impacts on Ineligible Children",fulltext,0,
10.1162/rest_a_01043,RESTAT,2021,The Impact of Emergency Cash Assistance in a Pandemic: Experimental Evidence from Colombia,fulltext,0,
10.1162/rest_a_01093,RESTAT,2021,Cognitive Biases: Mistakes or Missing Stakes?,fulltext,1,Harvard Business School
10.1162/rest_a_01074,RESTAT,2021,Advancing the Agency of Adolescent Girls,fulltext,2,U.S. Department of Labor | Abdul Latif Jameel Poverty Action Lab (J-PAL)
10.1162/rest_a_01404,RESTAT,2024,Harvesting the Rain: The Adoption of Environmental Technologies in the Sahel,fulltext,4,Agricultural Technology Adoption Initiative (ATAI) | Bill & Melinda Gates Foundation | FCDO | CGIAR
10.1162/rest_a_01333,RESTAT,2023,Is Mobile Money Changing Rural Africa? Evidence from a Field Experiment,fulltext,3,FCDO | Fundação para a Ciência e a Tecnologia | NOVAFRICA at the Nova School of Business and Economics
10.1162/rest_a_01041,RESTAT,2021,Cash Transfers and Migration: Theory and Evidence from a Randomized Controlled Trial,fulltext,9,World Bank Group | FCDO | i2i umbrella facility fund | Jobs Umbrella Trust Fund | Government of Norway | Government of Germany | Government of Austria | Austrian Development Agency | Swedish International Development Cooperation Agency
10.1162/rest_a_01217,RESTAT,2022,NGOs and the Effectiveness of Interventions,fulltext,6,United States Agency for International Development (USAID) | Duke Global Health Institute | Duke University Energy Initiative | Sustainable Energy Transitions Initiative | United Nations University World Institute for Development Economics Research | Cornell Atkinson Center for Sustainability
10.1162/rest_a_01182,RESTAT,2022,Raising Health Awareness in Rural Communities: A Randomized Experiment in Bangladesh and India,fulltext,1,Monash Business School
10.1162/rest_a_01296,RESTAT,2023,Identity Verification Standards in Welfare Programs: Experimental Evidence from India,fulltext,1,Bill & Melinda Gates Foundation
10.1162/rest_a_01500,RESTAT,2024,Can a Trusted Messenger Change Behavior When Information Is Plentiful? Evidence from the First Months of the COVID-19 Pandemic in West Bengal,fulltext,3,Abdul Latif Jameel Poverty Action Lab (J-PAL) | NSF RAPID | Weiss Foundation
10.1162/rest_a_01285,RESTAT,2023,"Low-Quality Seeds, Labor Supply, and Economic Returns: Experimental Evidence from Tanzania",fulltext,2,Swedish International Development Cooperation Agency | Environment for Development Network
10.1162/rest_a_01086,RESTAT,2021,Saving for Multiple Financial Needs: Evidence from Lockboxes and Mobile Money in Malawi,fulltext,1,"Financial Inclusion Program at IPA, ISB, and UCSC"
10.1162/rest_a_01247,RESTAT,2022,Ask a Local: Improving the Public Pricing of Land Titles in Urban Tanzania,fulltext,1,International Growth Centre
10.1162/rest_a_01359,RESTAT,2023,When Transparency Fails: Financial Incentives for Local Banking Agents in Indonesia,fulltext,4,ExxonMobile Foundation | Australian Government Department of Foreign Affairs and Trade (DFAT) | World Bank Group | Spanish Ministry of Economy and Competitiveness
10.1162/rest_a_01487,RESTAT,2024,Language Barriers in Multinationals and Knowledge Transfers,fulltext,3,International Growth Centre | Jerome A. Chazen Institute for Global Business | Columbia's Center on Japanese Economy and Business
10.1162/rest_a_01337,RESTAT,2023,Five-Year Impacts of Group-Based Financial Education and Savings Promotion for Ugandan Youth,fulltext,2,FCDO | Citi Foundation
10.1162/rest_a_01379,RESTAT,2023,Financing Municipal Water and Sanitation Services in Nairobi’s Informal Settlements,fulltext,3,World Bank Group | Abdul Latif Jameel Poverty Action Lab (J-PAL) | International Growth Centre
10.1162/rest_a_01219,RESTAT,2022,Skeptical Employers: Experimental Evidence on Biased Beliefs Constraining Firm Growth,fulltext,1,Bill & Melinda Gates Foundation
10.1162/rest_a_01529,RESTAT,2024,A Firm of One's Own: Experimental Evidence on Credit Constraints and Occupational Choice,fulltext,3,FCDO | ILO's Youth Employment Network | World Bank Group
10.1162/rest_a_01433,RESTAT,2024,"Biometric Monitoring, Service Delivery, and Misreporting: Evidence from Healthcare in India",fulltext,3,United States Agency for International Development (USAID) | Australian Agency for International Development | Health Results Innovations Trust Fund
10.1162/rest_a_01537,RESTAT,2024,Improving Workers' Performance in Small Firms: A Randomized Experiment on Goal Setting in Ghana,fulltext,1,FCDO
10.1162/rest_a_01135,RESTAT,2021,The Impact of Short-Term Employment for Low-Income Youth: Experimental Evidence from the Philippines,fulltext,2,International Initiative for Impact Evaluation (3ie) | Australian Government Department of Foreign Affairs
10.1162/rest_a_01082,RESTAT,2021,Skill Versus Voice in Local Development,fulltext,4,U.K. Economic and Social Research Council | Abdul Latif Jameel Poverty Action Lab (J-PAL) | NWO | Stanford Institute for Innovation in Developing Economies
10.1162/rest_a_01593,RESTAT,2025,"Subsidies, Information, and the Timing of Children's Health Care in Mali",fulltext,5,Brown University Brown Seed Fund Award | Brown University Population Studies and Training Center | Brown University Rhodes Center | Aga Khan Foundation | FCDO
10.1162/rest_a_01587,RESTAT,2025,The Selection Effects of Part-Time Work: Experimental Evidence from a Large-Scale Recruitment Drive,fulltext,4,"Africa Future Foundation | Ministry of the Interior, Republic of Korea | Smith Family Business Initiative at Cornell University | Yonsei University College of Medicine"
10.1162/rest.a.275,RESTAT,2025,Heat and Team Production: Experimental Evidence from Bangladesh,fulltext,4,"Academic Senate, University of California San Diego | Center for Global Transformation, University of California San Diego | Policy Design and Evaluation Lab, University of California San Diego | University of Colorado Denver"
10.1162/rest.a.278,RESTAT,2025,Agricultural Transformation and Farmers' Expectations: Experimental Evidence from Uganda,fulltext,2,International Initiative for Impact Evaluation (3ie) | Carson Priority Endowed Professorship
10.1162/rest.a.286,RESTAT,2025,Monitoring Technology: The Impact of Body-Worn Cameras on Citizen-Police Interactions,fulltext,1,EGAP Metaketa IV initiative
10.1162/rest.a.1622,RESTAT,2025,Conscientiousness in the Workplace: Evidence from a Field Experiment in West Africa,fulltext,4,RSB | ieConnect for Impact program | FCDO | Islamic Development Bank
10.1162/rest.a.1689,RESTAT,2025,The Long-Term Impact of High School Financial Education: Evidence from Brazil,fulltext,0,
10.1162/rest.a.1693,RESTAT,2025,"Sex, Power, and Adolescence: Intimate Partner Violence and Sexual Behaviors",fulltext,2,William and Flora Hewlett Foundation | World Bank Group
10.1093/ej/ueab071,EJ,2021,Screening and Signalling Non-Cognitive Skills: Experimental Evidence from Uganda,fulltext,4,FCDO | Institute for the Study of Labor (IZA) | IFS | Economic and Social Research Council
10.1093/ej/ueac084,EJ,2022,Is School-Based Financial Education Effective? Immediate and Long-Lasting Impacts on High School Students,fulltext,1,Inter-American Development Bank
10.1093/ej/ueac018,EJ,2022,"Transfers, Diversification and Household Risk Strategies: Can Productive Safety Nets Help Households Manage Climatic Variability?",fulltext,5,World Bank Group | Government of the Netherlands | Spanish Impact Evaluation Fund | United States Agency for International Development (USAID) | Agence Nationale de la Recherche
10.1093/ej/ueae012,EJ,2024,Bundling Genetic and Financial Technologies for More Resilient and Productive Small-Scale Farmers in Africa,fulltext,2,United States Agency for International Development (USAID) | Consultative Group on International Agricultural Research
10.1093/ej/ueab007,EJ,2021,Psychological Effects of Poverty on Time Preferences,fulltext,2,Czech Science Foundation | German Science Foundation
10.1093/ej/ueae025,EJ,2024,Kinship Taxation as an Impediment to Growth: Experimental Evidence from Kenyan Microenterprises,fulltext,2,STICERD | Private Enterprise Development in Low-Income Countries (PEDL)
10.1093/ej/uead083,EJ,2023,Is Digital Credit Filling a Hole or Digging a Hole? Evidence from Malawi,metadata,1,Bill & Melinda Gates Foundation
10.1093/ej/uead102,EJ,2023,Do Celebrity Endorsements Matter? A Twitter Experiment Promoting Vaccination in Indonesia,metadata,1,"Department of Foreign Affairs and Trade, Australian Government"
10.1093/ej/ueab027,EJ,2021,Voter Mobilisation and Trust in Electoral Institutions: Evidence from Kenya,fulltext,3,MIT Sloan School of Management | Program on Innovation in Markets and Organizations at MIT Sloan | Abdul Latif Jameel Poverty Action Lab (J-PAL)
10.1093/ej/ueae008,EJ,2024,Making Policies Matter: Voter Responses to Campaign Promises,fulltext,1,Yale-NUS
10.1093/ej/ueac001,EJ,2022,"Expectations, Wage Hikes and Worker Voice",fulltext,0,
10.1093/ej/ueaf026,EJ,2025,Matching Frictions and Distorted Beliefs: Evidence from a Job Fair Experiment,metadata,2,American Economic Association | Department of Economics of the University of Oxford
10.1093/ej/ueae003,EJ,2024,Experimental Evidence on Four Policies to Increase Learning at Scale,fulltext,3,International Growth Centre | William and Flora Hewlett Foundation | Children's Investment Fund Foundation
10.1093/ej/uead075,EJ,2023,Management Practices and Quality of Care: Evidence from the Private Health Care Sector in Tanzania,metadata,2,Health Systems Research Initiative | Wellcome Trust
10.1093/ej/ueae017,EJ,2024,Improving Administrative Data at Scale: Experimental Evidence on Digital Testing in Indian Schools,fulltext,1,FCDO
10.1093/ej/ueae097,EJ,2024,Acceptance of Inequality Between Children: Large-Scale Experimental Evidence from China and Norway,metadata,3,Institute for Applied International Studies | European Research Council | Research Council of Norway
10.1093/ej/ueae024,EJ,2024,Borrowing Constraints and Demand for Remedial Education: Evidence from Tanzania,fulltext,2,FCDO | BRAC
10.1093/ej/ueaf009,EJ,2025,"Yellow Pages: Information, connections and firm performance",fulltext,3,United States Agency for International Development (USAID) | BASIS at UC Davis | Hitachi Center
10.1093/ej/ueaf116,EJ,2025,Give Me a Pass: Flexible Credit for Entrepreneurs in Colombia,fulltext,2,Kiva | Google.org
10.1093/ej/ueaf122,EJ,2025,Wheels of Change: Transforming Girls’ Lives with Bicycles,fulltext,0,
10.1093/ej/uead001,EJ,2023,Long-Run Effects of Aid: Forecasts and Evidence from Sierra Leone,fulltext,4,UK Economic and Social Research Council | Abdul Latif Jameel Poverty Action Lab (J-PAL) | NWO | Stanford Institute for Innovation in Developing Economies
10.1093/ej/ueae050,EJ,2024,Cash Versus Kind: Benchmarking a Child Nutrition Program Against Unconditional Cash Transfers in Rwanda,fulltext,2,United States Agency for International Development (USAID) | Google.org
10.1093/ej/ueae014,EJ,2024,Telementoring and Homeschooling During School Closures: a Randomised Experiment in Rural Bangladesh,fulltext,1,"Centre for Development Economics and Sustainability (CDES), Monash University, Australia"
10.1093/ej/ueaf012,EJ,2025,"Reducing Bias Among Health Care Providers: Experimental Evidence from Tanzania, Burkina Faso and Pakistan",metadata,1,Bill & Melinda Gates Foundation
10.1093/ej/ueaf071,EJ,2025,Expectations and Adaptation to Environmental Threats,metadata,5,International Growth Centre | Lahore University of Management Sciences | Abdul Latif Jameel Poverty Action Lab (J-PAL) | Williams College Center for Development Economics | University of the South
10.1093/ej/ueaf042,EJ,2025,Do capital grants improve microenterprise productivity?,fulltext,4,Economic and Social Research Council | FCDO | UNIDO | World Bank Group
10.1093/ej/ueae053,EJ,2024,Demand for Commitment in Credit and Saving Contracts: A Field Experiment,fulltext,3,International Growth Centre | Economic and Social Research Council | Tamkeen
10.1093/ej/ueaf014,EJ,2025,Scared Straight or Scared to Death? Fatalism in Response to Disease Risks,fulltext,4,University of Michigan | Russell Sage Foundation | NIA | Rackham Graduate School
10.1093/ej/uead115,EJ,2023,Partisan Effects of Information Campaigns in Competitive Authoritarian Elections: Evidence from Bangladesh,fulltext,1,Monash University
10.1093/ej/ueac066,EJ,2022,‘I Still Haven't Found What I'm Looking For’: Evidence of Directed Search from a Field Experiment*,fulltext,3,Ministry of Education of China | National Natural Science Foundation of China | National Program for Special Support of Top-notch Young Professionals
10.1093/ej/uead099,EJ,2023,The Limitations of Activity-Based Instruction to Improve the Productivity of Schooling,fulltext,1,Omidyar Network
10.1093/ej/ueae039,EJ,2024,Incentivising Textbooks for Self-Study: Experimental Evidence from the Democratic Republic of the Congo,metadata,2,World Bank Group | Edinburgh School of Social and Political Science
10.1093/ej/ueae116,EJ,2025,"Destructive Behaviour, Judgement and Economic Decision-making under Thermal Stress",metadata,1,Riksbankens Jubileumsfond
10.1093/ej/uead067,EJ,2023,Helping Children Catch Up: Early Life Shocks and the PROGRESA Experiment,fulltext,4,NIH/NICHD | USC Provost's Ph.D. Fellowship | USC Dornsife INET graduate student fellowship | Oakley Endowed Fellowship
10.1093/ej/ueae077,EJ,2024,Healthcare Appointments as Commitment Devices,fulltext,7,Connaught | GATE | SRCHSS | CIFAP | Minnesota Population Center | Eunice Kennedy Shriver National Institute of Child Health and Human Development | UMN Institute for Advanced Study
10.1093/ej/ueaf046,EJ,2025,When Information is Not Enough: Evidence from a Centralised School Choice System,fulltext,3,Abdul Latif Jameel Poverty Action Lab (J-PAL) | Weiss Family Fund | University of Delaware Institute for Global Studies' Global Exchange Program
10.1093/ej/ueaf047,EJ,2025,Correlation Neglect on Social Media: Effects on Civil Service Applications in China,fulltext,2,Kenneth C. Griffin Economics Research Funds | Fairbank Center and Harvard China Fund Grant
10.1093/ej/ueac053,EJ,2022,The Interplay Among Savings Accounts and Network-Based Financial Arrangements: Evidence from a Field Experiment,metadata,2,University Microsavings and Payments Innovation Initiative | Weatherhead School of Management
10.1093/ej/uead010,EJ,2023,Designing Effective Teacher Performance Pay Programs: Experimental Evidence from Tanzania*,metadata,2,World Bank Group | Brown University
10.1093/ej/ueae117,EJ,2024,To Defer or to Differ: Experimental Evidence on the Role of Cash Transfers in Nigerian Couples’ Decision-Making,fulltext,3,World Bank Group | Bruce and Mary Ann Gardner Dissertation Enhancement Fellowship | United States Agency for International Development (USAID)
10.1093/ej/ueaf051,EJ,2025,Towards an Understanding of Reference-Dependent Labour Supply: Theory and Evidence from a Field Experiment,fulltext,0,
10.1093/jeea/jvab002,JEEA,2021,Place-Based Interventions at Scale: The Direct and Spillover Effects of Policing and City Services on Crime,metadata,8,Abdul Latif Jameel Poverty Action Lab (J-PAL) | International Initiative for Impact Evaluation (3ie) | Development Bank of Latin America | Fundación Probogotá | Organización Ardila Lülle via Universidad de los Andes CESED | COLCIENCIAS | Government of Colombia | J. William Fulbright Program
10.1093/jeea/jvac005,JEEA,2022,Early Stimulation and Nutrition: The Impacts of a Scalable Intervention,metadata,9,"Grand Challenges Canada | Fundación Éxito | European Research Council | National Institutes of Health | Cowles Foundation | Institution for Social and Policy Studies, Yale University | Jacobs Foundation | Universidad de los Andes | University College London"
10.1093/jeea/jvab007,JEEA,2021,Curating Local Knowledge: Experimental Evidence from Small Retailers in Indonesia,metadata,3,FCDO | Tilburg University | SRP
10.1093/jeea/jvab052,JEEA,2021,Can Simple Psychological Interventions Increase Preventive Health Investment?,metadata,6,National Institutes of Health | African Economies Research Fund | United Kingdom Research and Innovation Global Challenges Research Fund | Labex Ecodec Investissements d’Avenir | Princeton University | KEMRI
10.1093/jeea/jvae011,JEEA,2024,"Mass Political Information on Social Media: Facebook Ads, Electorate Saturation, and Electoral Accountability in Mexico",fulltext,2,Dean's Competitive Fund for Promising Scholarship of the Faculty of Arts and Sciences at Harvard University | Pershing Square Fund for Research on the Foundations of Human Behavior
10.1093/jeea/jvad067,JEEA,2023,An Adaptive Targeted Field Experiment: Job Search Assistance for Refugees in Jordan,fulltext,2,International Rescue Committee | Deutsche Gesellschaft für Internationale Zusammenarbeit (GIZ) GmbH
10.1093/jeea/jvab053,JEEA,2021,Can Good Products Drive Out Bad? A Randomized Intervention in the Antimalarial Medicine Market in Uganda,fulltext,7,Swedish Research Council | Program for Development Research | Swedish International Development Cooperation Agency | Abdul Latif Jameel Poverty Action Lab (J-PAL) | William F. Milton Fund at Harvard Medical School | Harvard Center for Population and Development Studies | Mistra (Swedish Foundation for Strategic Environmental Research)
10.1093/jeea/jvac070,JEEA,2022,Improving Parenting Practices for Early Child Development: Experimental Evidence from Rwanda,metadata,4,British Academy Early Childhood Development Programme | FCDO | Grand Challenges Canada | UNICEF
10.1093/jeea/jvae005,JEEA,2024,"Experimental Evidence from a Conditional Cash Transfer Program: Schooling, Learning, Fertility, and Labor Market Outcomes after 10 Years",metadata,3,Centre for Economic Policy Research | EUR | National Science Foundation
10.1093/jeea/jvad002,JEEA,2023,Reporting Peers’ Wrongdoing: Evidence on the Effect of Incentives on Morally Controversial Behavior,metadata,2,UCSD | American Economic Association
10.1093/jeea/jvae018,JEEA,2024,Decentralized Targeting of Agricultural Credit Programs: Private Versus Political Intermediaries,metadata,5,Monash University | Boston University | Hong Kong University of Science and Technology | Australian Agency for International Development | United States Agency for International Development (USAID)
10.1093/jeea/jvaf012,JEEA,2025,Cost and Benefits of Climate Change Adaptation Policies: Evidence from an RCT and Extreme Flooding in Pakistan,fulltext,3,FCDO | World Food Programme | International Initiative for Impact Evaluation (3ie)
10.1093/jeea/jvad068,JEEA,2023,Preventing Violence in the Most Violent Contexts: Behavioral and Neurophysiological Evidence from El Salvador,metadata,1,"Consejo Nacional de Innovación, Ciencia y Tecnología"
10.1093/jeea/jvac068,JEEA,2022,Using Preference Estimates to Customize Incentives: An Application to Polio Vaccination Drives in Pakistan,metadata,5,International Growth Centre | UCLA Anderson | Boston University | UC San Diego | National Bureau of Economic Research
10.1093/jeea/jvac015,JEEA,2022,Priors Rule: When Do Malfeasance Revelations Help Or Hurt Incumbent Parties?,fulltext,2,EGAP Metaketa initiative | France's Agence Nationale de la Recherche
10.1093/jeea/jvaf026,JEEA,2025,Safe Spaces for Teenage Girls in a Time of Crisis,metadata,7,Economic and Social Research Council | CPP | Abdul Latif Jameel Poverty Action Lab (J-PAL) | International Growth Centre | Stone Centre at University College London | UNICEF | World Bank Group
10.1093/jeea/jvaf047,JEEA,2025,Interest-Based Negotiation over Natural Resources: Experimental Evidence from Liberia,metadata,3,UCLA | UCL | New York University
10.1093/jeea/jvaf052,JEEA,2025,<i>Marshall Lecture 2025:</i> Political Information and Network Effects,fulltext,0,
10.1016/j.jdeveco.2021.102626,JDE,2021,Contract farming and rural transformation: Evidence from a field experiment in Benin,metadata,2,University of Illinois at Urbana-Champaign | Bill & Melinda Gates Foundation
10.1016/j.jdeveco.2021.102707,JDE,2021,The joint effects of information and financing constraints on technology adoption: Evidence from a field experiment in rural Tanzania,metadata,2,United States Agency for International Development (USAID) | Columbia University
10.1016/j.jdeveco.2021.102788,JDE,2021,Site-specific agronomic information and technology adoption: A field experiment from Ethiopia,metadata,3,Bill & Melinda Gates Foundation | EU Framework Programme for Research and Innovation Marie Skłodowska-Curie Actions | Irish Research Council
10.1016/j.jdeveco.2021.102632,JDE,2021,Does insecure land tenure deter investment? Evidence from a randomized controlled trial,metadata,1,United States Agency for International Development (USAID)
10.1016/j.jdeveco.2021.102815,JDE,2022,Can virtual replace in-person coaching? Experimental evidence on teacher professional development and student learning,metadata,1,United States Agency for International Development (USAID)
10.1016/j.jdeveco.2021.102781,JDE,2021,Unpacking a multi-faceted program to build sustainable income for the very poor,metadata,1,Ford Foundation
10.1016/j.jdeveco.2021.102810,JDE,2022,Restricted access: How the internet can be used to promote reading and learning,metadata,1,Social Sciences and Humanities Research Council of Canada
10.1016/j.jdeveco.2021.102807,JDE,2022,Impacts of industrial and entrepreneurial jobs on youth: 5-year experimental evidence on factory job offers and cash grants in Ethiopia,fulltext,6,Private Enterprise Development in Low-Income Countries (PEDL) | FCDO | Aspen ANDE group | International Growth Centre | Templeton Foundation | Vanguard Charitable Trust
10.1016/j.jdeveco.2023.103108,JDE,2023,Countering misinformation on social media through educational interventions: Evidence from a randomized experiment in Pakistan,fulltext,2,Facebook Integrity Foundational Research Award 2019 from Facebook Research | Lahore University of Management Sciences (LUMS) Faculty Initiative Fund
10.1016/j.jdeveco.2022.102942,JDE,2022,The short-lived effects of unconditional cash transfers to refugees,fulltext,0,
10.1016/j.jdeveco.2023.103051,JDE,2023,Efficient irrigation and water conservation: Evidence from South India,metadata,1,World Bank Group
10.1016/j.jdeveco.2022.102990,JDE,2022,The dirty business of eliminating open defecation: The effect of village sanitation on child height from field experiments in four countries,metadata,6,"University of California, Los Angeles | World Bank Group | University of Melbourne | University of Southern California | Bill & Melinda Gates Foundation | University of California, Berkeley"
10.1016/j.jdeveco.2023.103176,JDE,2023,How do digital platforms affect employment and job search? Evidence from India,fulltext,2,DIL | International Growth Centre
10.1016/j.jdeveco.2024.103267,JDE,2024,Improving smallholder agriculture via video-based group extension,metadata,1,Bill & Melinda Gates Foundation
10.1016/j.jdeveco.2023.103195,JDE,2023,Information and behavior: Evidence from fertilizer quantity recommendations in Bangladesh,fulltext,2,Agricultural Technology Adoption Initiative | United States Agency for International Development (USAID)
10.1016/j.jdeveco.2023.103181,JDE,2023,Helping families help themselves: The (Un)intended impacts of a digital parenting program,fulltext,5,IDB-COVID-19 Call for Research Projects | World Bank Group | COVID-19 Emergency Call Window from the World Bank's Early Learning Partnership | Fondecyt de Iniciación | ANID - MILENIO
10.1016/j.jdeveco.2025.103496,JDE,2025,Peer learning and technology adoption in a digital farmer-to-farmer network,metadata,2,McGill University | Social Sciences and Humanities Research Council of Canada
10.1016/j.jdeveco.2023.103147,JDE,2023,Can you spot a scam? Measuring and improving scam identification ability,fulltext,4,Innovations for Poverty Action Consumer Protection Research Initiative | Deutsche Forschungsgemeinschaft (DFG) | French National Research Agency | Excellence Initiative of Aix-Marseille University-A*MIDEX
10.1016/j.jdeveco.2022.102929,JDE,2022,Cash transfers as a response to COVID-19: Experimental evidence from Kenya,fulltext,2,Ford Family Program at the University of Notre Dame | Abdul Latif Jameel Poverty Action Lab (J-PAL)
10.1016/j.jdeveco.2021.102645,JDE,2021,Can information influence the social insurance participation decision of China's rural migrants?,metadata,1,Australian Research Council
10.1016/j.jdeveco.2020.102620,JDE,2021,"Information, technology, and market rewards: Incentivizing aflatoxin control in Ghana",metadata,2,CGIAR | United States Agency for International Development (USAID)
10.1016/j.jdeveco.2021.102747,JDE,2021,Texts don’t nudge: An adaptive trial to prevent the spread of COVID-19 in India,fulltext,3,Abdul Latif Jameel Poverty Action Lab (J-PAL) | Economics Department at Tufts University | National Science Foundation Graduate Research Fellowship
10.1016/j.jdeveco.2022.102921,JDE,2022,"Behavioral change promotion, cash transfers and early childhood development: Experimental evidence from a government program in a low-income setting",fulltext,4,Strategic Impact Evaluation Fund (SIEF) | Early Learning Partnership | Sahel Adaptive Social Protection Program at the World Bank | Niger Adaptive Safety Nets Project
10.1016/j.jdeveco.2022.102851,JDE,2022,Overcoming smallholder farmers’ post-harvest constraints through harvest loans and storage technology: Insights from a randomized controlled trial in Tanzania,metadata,2,United States Agency for International Development (USAID) | University of Georgia
10.1016/j.jdeveco.2021.102716,JDE,2021,Can youth empowerment programs reduce violence against girls during the COVID-19 pandemic?,fulltext,3,"Bulgari, Italy | Save the Children, Italy | World Bank Group"
10.1016/j.jdeveco.2021.102710,JDE,2021,Subsidies for technology adoption: Experimental evidence from rural Cameroon,metadata,1,Netherlands Organisation for Scientific Research
10.1016/j.jdeveco.2022.102846,JDE,2022,Aspirations and financial decisions: Experimental evidence from the Philippines,metadata,1,World Bank Group
10.1016/j.jdeveco.2022.102981,JDE,2022,Trust and saving in financial institutions by the poor,fulltext,3,World Bank Group | Innovations for Poverty Action | Instituto de Estudios Peruanos
10.1016/j.jdeveco.2021.102737,JDE,2021,Environmental effects of development programs: Experimental evidence from West African dryland forests,fulltext,2,DFG (Deutsche Forschungsgemeinschaft) | ANID Chile through FONDECYT Iniciacion
10.1016/j.jdeveco.2023.103111,JDE,2023,Learning by searching: Spatial mismatches and imperfect information in Southern labor markets,metadata,1,United States Agency for International Development (USAID)
10.1016/j.jdeveco.2020.102609,JDE,2021,How does delegating decisions to communities affect the provision and use of a public service? Evidence from a field experiment in Bangladesh,metadata,4,Universitetet i Oslo | Columbia University | National Science Foundation | Stockholms Universitet
10.1016/j.jdeveco.2021.102784,JDE,2021,Relative power: Explaining the effects of food and cash transfers on allocative behaviour in rural Nepalese households,metadata,2,FCDO | Wellcome Trust
10.1016/j.jdeveco.2022.102870,JDE,2022,Active learning improves financial education: Experimental evidence from Uganda,metadata,3,Deutsche Forschungsgemeinschaft (DFG) | Deutsche Gesellschaft für Internationale Zusammenarbeit | Sun Moon University
10.1016/j.jdeveco.2022.102875,JDE,2022,Using household grants to benchmark the cost effectiveness of a USAID workforce readiness program,metadata,3,"United States Agency for International Development (USAID) | University of California, San Diego | Centro de Excelencia en Geotermia de Los Andes"
10.1016/j.jdeveco.2022.102958,JDE,2022,"Knowledge, stigma, and HIV testing: An analysis of a widespread HIV/AIDS program",fulltext,1,United States Agency for International Development (USAID)
10.1016/j.jdeveco.2021.102780,JDE,2021,Social protection amidst social upheaval: Examining the impact of a multi-faceted program for ultra-poor households in Yemen,fulltext,2,Ford Foundation | FCDO
10.1016/j.jdeveco.2021.102713,JDE,2021,Seeking the treated: The impact of mobile extension on farmer information exchange in India,metadata,3,Agricultural Technology Adoption Initiative | Harvard Kennedy School | Australian Agency for International Development
10.1016/j.jdeveco.2021.102699,JDE,2021,(Mis)information and anxiety: Evidence from a randomized Covid-19 information campaign,metadata,1,University of Michigan
10.1016/j.jdeveco.2021.102779,JDE,2021,Direct vs indirect management training: Experimental evidence from schools in Mexico,metadata,1,Secretaría de Educación Pública
10.1016/j.jdeveco.2022.103035,JDE,2022,Social stigma as a barrier to HIV testing: Evidence from a randomized experiment in Mozambique,fulltext,2,Rackham Graduate School at the University of Michigan | Jordan and Kim Dickstein African Initiative Fund
10.1016/j.jdeveco.2023.103114,JDE,2023,Live tutoring calls did not improve learning during the COVID-19 pandemic in Sierra Leone,metadata,2,Bill & Melinda Gates Foundation | World Bank Group
10.1016/j.jdeveco.2020.102622,JDE,2021,Boosting pension enrollment and household consumption by example: A field experiment on information provision,metadata,2,National Key Research and Development Program of China | Ministry of Industry and Information Technology of the People's Republic of China
10.1016/j.jdeveco.2021.102753,JDE,2021,Welfare effects of an in-kind transfer program: Evidence from Mexico,fulltext,0,
10.1016/j.jdeveco.2023.103145,JDE,2023,Can technology improve the classroom experience in primary education? An African experiment on a worldwide program,metadata,7,Generalitat Valenciana | Spanish Ministry of Economy and Competitiveness | Fundação para a Ciência e a Tecnologia | International Foundation for Science | Fundación La Caixa | 'la Caixa' Foundation | Universidade Nova de Lisboa
10.1016/j.jdeveco.2022.103034,JDE,2022,"Pumps, prosperity and household power: Experimental evidence on irrigation pumps and smallholder farmers in Kenya",fulltext,0,
10.1016/j.jdeveco.2023.103074,JDE,2023,To invest or not to invest in sanitation: The role of intra-household gender differences in perceptions and bargaining power,fulltext,3,World Bank Group | Economic and Social Research Council (ESRC) Secondary Data Initiative | ESRC Centre for the Microeconomic Analysis of Public Policy
10.1016/j.jdeveco.2023.103153,JDE,2023,Can information and alternatives to irregular migration reduce “backway” migration from The Gambia?,metadata,2,Ministry of Foreign Affairs | European Union
10.1016/j.jdeveco.2021.102665,JDE,2021,"Information, get-out-the-vote messages, and peer influence: Causal effects on political behavior in Mozambique",metadata,2,Fundação para a Ciência e a Tecnologia | United States Agency for International Development (USAID)
10.1016/j.jdeveco.2023.103072,JDE,2023,Social and financial incentives for overcoming a collective action problem,fulltext,2,Bill & Melinda Gates Foundation | International Growth Centre
10.1016/j.jdeveco.2023.103136,JDE,2023,Nonclassical measurement error and farmers’ response to information treatment,metadata,1,World Bank Group
10.1016/j.jdeveco.2023.103198,JDE,2023,Respondent biases in agricultural household surveys,metadata,1,IMMANA
10.1016/j.jdeveco.2022.102911,JDE,2022,Targeting in tax behavior: Evidence from Rwandan firms,fulltext,3,Harvard Lab for Economic Applications and Policy | Abdul Latif Jameel Poverty Action Lab (J-PAL) | Weiss Family Program Fund for Research in Developing Countries
10.1016/j.jdeveco.2023.103238,JDE,2023,"Property rights, factor allocation and household welfare: Experimental evidence from a land titling program in India",metadata,1,Economic and Social Research Council
10.1016/j.jdeveco.2023.103169,JDE,2023,With or without him? Experimental evidence on cash grants and gender-sensitive trainings in Tunisia,fulltext,4,World Bank Group | Jobs Multi-Donors Trust Fund | Umbrella Facility for Gender Equality (UFGE) | i2i Multi-Donors Trust Fund
10.1016/j.jdeveco.2023.103166,JDE,2023,"Parental investment, school choice, and the persistent benefits of an early childhood intervention",metadata,7,Society of Labor Economists | Queen Mary University of London | KU Leuven | Horizon 2020 Framework Programme | Horizon 2020 | North Carolina State University | H2020 Marie Skłodowska-Curie Actions
10.1016/j.jdeveco.2023.103242,JDE,2023,Estimating seed demand in the presence of market frictions: Evidence from an auction experiment in Nigeria,fulltext,0,
10.1016/j.jdeveco.2022.102987,JDE,2022,Can information correct optimistic wage expectations? Evidence from Mozambican job-seekers,fulltext,0,
10.1016/j.jdeveco.2023.103199,JDE,2023,Does survey mode matter? Comparing in-person and phone agricultural surveys in India,metadata,4,"University of California, Davis | Northwestern University | Aga Khan Foundation | Bill & Melinda Gates Foundation"
10.1016/j.jdeveco.2023.103244,JDE,2023,Training microentrepreneurs over Zoom: Experimental evidence from Mexico,fulltext,2,InfoDev/E4D trust fund | World Bank Group
10.1016/j.jdeveco.2023.103134,JDE,2023,Fertility and polygyny: Experimental evidence from Burkina Faso,fulltext,1,"Economic and Social Research Council, United Kingdom"
10.1016/j.jdeveco.2022.102984,JDE,2022,A behavioral intervention to increase preschool attendance in Uruguay,fulltext,1,Inter-American Development Bank
10.1016/j.jdeveco.2025.103463,JDE,2025,Using satellites and phones to evaluate and promote agricultural technology adoption: Evidence from smallholder farms in India,metadata,2,Agricultural Technology Adoption Initiative | Harvard Business School
10.1016/j.jdeveco.2023.103174,JDE,2023,Improved menstrual health and the workplace: An RCT with female Bangladeshi garment workers,fulltext,0,
10.1016/j.jdeveco.2024.103409,JDE,2024,Relaxing multiple agricultural productivity constraints at scale,metadata,1,Global Innovation Fund
10.1016/j.jdeveco.2022.102893,JDE,2022,When student incentives do not work: Evidence from a field experiment in Malawi,fulltext,2,Viatron Technology | Korea International Cooperation Agency
10.1016/j.jdeveco.2022.102995,JDE,2022,Motivating bureaucrats with behavioral insights when state capacity is weak: Evidence from large-scale field experiments in Peru,fulltext,2,Colombia Cientifica – Alianza EFI | World Bank Group
10.1016/j.jdeveco.2024.103264,JDE,2024,Breaking the silence – Group discussions and the adoption of menstrual health technologies,metadata,6,University of Michigan | Deutsche Forschungsgemeinschaft (DFG) | Elrha | Universidade de Vigo | University of Toronto | Technische Universität München
10.1016/j.jdeveco.2024.103445,JDE,2024,The protective role of index insurance in the experience of violent conflict: Evidence from Ethiopia,metadata,6,"German Institute of Development and Sustainability | United States Agency for International Development (USAID) | Department of Foreign Affairs and Trade, Australian Government | CGIAR | AERC | Japan Society for the Promotion of Science"
10.1016/j.jdeveco.2023.103109,JDE,2023,The fruits (and vegetables) of crime: Protection from theft and agricultural development,metadata,2,International Development Research Centre | Social Sciences and Humanities Research Council of Canada
10.1016/j.jdeveco.2024.103363,JDE,2024,Do entrepreneurial skills unlock opportunities for online freelancing? Experimental evidence from El Salvador,metadata,1,Inter-American Development Bank
10.1016/j.jdeveco.2024.103398,JDE,2024,How does progressivity impact tax morale? Experimental evidence across developing countries,metadata,2,World Bank Group | Bill & Melinda Gates Foundation
10.1016/j.jdeveco.2024.103439,JDE,2024,The power of children in energy conservation: Evidence from a randomized controlled trial,metadata,1,National Natural Science Foundation of China
10.1016/j.jdeveco.2024.103405,JDE,2024,Better strategies for saving more: Evidence from three interventions in Chile,metadata,3,CONICYT FONDECYT | Inter-American Development Bank | International Development Research Centre
10.1016/j.jdeveco.2025.103514,JDE,2025,Quality signaling and demand for renewable energy technology: Evidence from a randomized field experiment,metadata,2,International Finance Corporation | World Bank Group
10.1016/j.jdeveco.2025.103532,JDE,2025,How good are livestock statistics in Africa? Can nudging and direct counting improve the quality of livestock asset data?,metadata,2,CGIAR | World Bank Group
10.1016/j.jdeveco.2020.102600,JDE,2021,It takes two: Experimental evidence on the determinants of technology diffusion,metadata,1,"Private Enterprise Development in Low-Income Countries, Centre for Economic Policy Research"
10.1016/j.jdeveco.2020.102612,JDE,2021,Does legal representation increase investment? Evidence from a field experiment in Kenya,metadata,2,McGill University | Social Sciences and Humanities Research Council of Canada
10.1016/j.jdeveco.2022.102914,JDE,2022,Protecting infants from natural disasters: The case of vitamin A supplementation and a tornado in Bangladesh,metadata,3,Centers for Disease Control and Prevention | Eunice Kennedy Shriver National Institute of Child Health and Human Development | National Institutes of Health
10.1016/j.jdeveco.2022.102915,JDE,2022,Women’s use of family planning services: An experiment on the husband’s involvement,fulltext,4,FCDO | Royal Netherlands Academy of Arts and Sciences | European Research Council | Research Council of Norway
10.1016/j.jdeveco.2021.102776,JDE,2021,How light is too light touch: The effect of a short training-based intervention on household poultry production in Burkina Faso,fulltext,2,Bill & Melinda Gates Foundation | CGIAR
10.1016/j.jdeveco.2021.102722,JDE,2021,Collective action in games as in life: Experimental evidence from canal cleaning in Haiti,metadata,3,"SRI International | University of California, Berkeley | University of California, Davis"
10.1016/j.jdeveco.2022.102933,JDE,2022,When nature calls back: Sustaining behavioral change in rural Pakistan,fulltext,2,FCDO | ESRC Centre for the Microeconomic Analysis of Public Policy
10.1016/j.jdeveco.2022.102978,JDE,2022,What do jobseekers want? Comparing methods to estimate reservation wages and the value of job attributes,metadata,2,University of Illinois System | European Refugee Fund
10.1016/j.jdeveco.2022.102993,JDE,2022,Love in the time of HIV: How beliefs about externalities impact health behavior,fulltext,2,STICERD | Russell Sage Foundation
10.1016/j.jdeveco.2021.102745,JDE,2021,The power to protect: Household bargaining and female condom use,fulltext,2,Dutch Research Council (NWO) WOTRO Science for Global Development | Universal Access to Female Condoms (UAFC) Joint Programme
10.1016/j.jdeveco.2022.102920,JDE,2022,Trouble with zero: The limits of subsidizing technology adoption,fulltext,1,"ADM Institute for the Prevention of Postharvest Loss, University of Illinois"
10.1016/j.jdeveco.2022.102999,JDE,2022,No bulls: Experimental evidence on the impact of veterinarian ratings in Pakistan,fulltext,6,University of California Office of the President UC Lab Fees Research Program | Abdul Latif Jameel Poverty Action Lab (J-PAL) | Center for Effective Global Action | International Growth Centre | AFOSR | ONR
10.1016/j.jdeveco.2023.103098,JDE,2023,"Uptake, use, and impact of Islamic savings: Evidence from a field experiment in Pakistan",fulltext,0,
10.1016/j.jdeveco.2023.103144,JDE,2023,Paying for agricultural information in Malawi: The role of soil heterogeneity,metadata,3,University of Greenwich | Middlebury College | Agricultural and Applied Economics Association
10.1016/j.jdeveco.2022.102959,JDE,2022,Locking crops to unlock investment: Experimental evidence on warrantage in Burkina Faso,fulltext,3,Wellspring Foundation | CGIAR | Williams College
10.1016/j.jdeveco.2023.103053,JDE,2023,Labeled loans and human capital investments,metadata,2,World Bank Group | Economic and Social Research Council
10.1016/j.jdeveco.2023.103096,JDE,2023,Motivating volunteer health workers in an African capital city,fulltext,8,"European Union | UNICEF | Instituto Camões, Portugal | Fundação Calouste Gulbenkian, Portugal | USAID, United States of America | Fundação para a Ciência e a Tecnologia, Portugal | Generalitat Valenciana | Spanish Ministry of the Economy and Competitiveness"
10.1016/j.jdeveco.2024.103285,JDE,2024,Is online job training for all? Experimental evidence on the effects of a Coursera program in Costa Rica,metadata,1,Inter-American Development Bank
10.1016/j.jdeveco.2023.103146,JDE,2023,Multifaceted programs targeting women in fragile settings: Evidence from the Democratic Republic of Congo,fulltext,2,Ministry of Foreign Affairs of the Netherlands | BlackRock
10.1016/j.jdeveco.2023.103227,JDE,2023,Discrimination against migrants and its determinants: Evidence from a Multi-Purpose Field Experiment in the Housing Rental Market,metadata,2,Anova Health Institute | Inter-American Development Bank
10.1016/j.jdeveco.2024.103294,JDE,2024,Environmental externalities and free-riding in the household,metadata,2,International Growth Centre | Abdul Latif Jameel Poverty Action Lab (J-PAL)
10.1016/j.jdeveco.2023.103182,JDE,2023,Asset transfers and anti-poverty programs: Experimental evidence from Tanzania,fulltext,5,Spanish Impact Evaluation Fund | Gender Action Plan | Bank Netherlands Partnership Program | Knowledge for Change Program II | Trust Fund for Environmentally and Socially Sustainable Development
10.1016/j.jdeveco.2024.103309,JDE,2024,In someone else’s shoes: Reducing prejudice through perspective taking,metadata,1,Inter-American Development Bank
10.1016/j.jdeveco.2022.102885,JDE,2022,Filling a niche? The maize productivity impacts of adaptive breeding by a local seed company in Kenya,metadata,6,"Bill & Melinda Gates Foundation | Massachusetts Institute of Technology | University of Wisconsin-Madison | University of California, Davis | Agricultural Technology Adoption Initiative | United States Agency for International Development (USAID)"
10.1016/j.jdeveco.2023.103082,JDE,2023,"Transparency, governance, and water and sanitation: Experimental evidence from schools in rural Bangladesh",fulltext,0,
10.1016/j.jdeveco.2024.103295,JDE,2024,"Is the glass half full or half empty? Examining the impact of Swatch Bharat interventions on sanitation and hygiene in rural Punjab, India",fulltext,0,
10.1016/j.jdeveco.2021.102751,JDE,2021,Cheap talk and coordination in the lab and in the field: Collective commercialization in Senegal,fulltext,3,CGIAR | France | IFPRI
10.1016/j.jdeveco.2024.103288,JDE,2024,Shortening the path to productive investment: Evidence from input fairs and cash transfers in Malawi,metadata,3,"University of California, Santa Cruz | United States Agency for International Development (USAID) | International Psychogeriatric Association"
10.1016/j.jdeveco.2024.103444,JDE,2024,Loose knots: Strong versus weak commitments to save for education in Uganda,metadata,6,International Psychogeriatric Association | National Bureau of Economic Research | United States Agency for International Development (USAID) | Northwestern University | University of Texas at Austin | Bill & Melinda Gates Foundation
10.1016/j.jdeveco.2023.103056,JDE,2023,Impact of self- or social-regarding health messages: Experimental evidence based on antibiotics purchases,metadata,1,National Natural Science Foundation of China
10.1016/j.jdeveco.2023.103202,JDE,2023,Providing procedural knowledge: A field experiment to encourage resource conservation in Namibia,metadata,1,University of Cologne
10.1016/j.jdeveco.2024.103344,JDE,2024,Supporting small firms in a fragile context: Comparing matching and cash grants in Burkina Faso,metadata,1,World Bank Group
10.1016/j.jdeveco.2025.103477,JDE,2025,Estimating impact with surveys versus digital traces: Evidence from randomized cash transfers in Togo,metadata,6,Deutsche Forschungsgemeinschaft (DFG) | National Science Foundation | German Academic Exchange Service | Microsoft Research | Deutscher Akademischer Austauschdienst | World Bank Group
10.1016/j.jdeveco.2025.103511,JDE,2025,Incentives and endorsement for technology adoption: Evidence from mobile banking in Ghana,metadata,3,Abdul Latif Jameel Poverty Action Lab (J-PAL) | University of Ghana | Innovations for Poverty Action
10.1016/j.jdeveco.2025.103578,JDE,2025,The effect of teacher training and community literacy programming on teacher and student outcomes,fulltext,2,US Department of Agriculture (USDA) | World Vision
10.1016/j.jdeveco.2023.103215,JDE,2023,Human capital affects religious identity: Causal evidence from Kenya,fulltext,0,
10.1016/j.jdeveco.2024.103362,JDE,2024,Are students really biased against female professors? — Experimental evidence from India,metadata,2,Shiv Nadar University | Ahmedabad University
10.1016/j.jdeveco.2024.103392,JDE,2024,Demand for “Safe Space”: Avoiding harassment and complying with norms,metadata,1,World Bank Group
10.1016/j.jdeveco.2025.103457,JDE,2025,The power of dialogue: Forced displacement and social integration amid an Islamist insurgency in Mozambique,metadata,9,"Abdul Latif Jameel Poverty Action Lab (J-PAL) | Population Studies and Training Center, Brown University | World Bank Group | United Nations University World Institute for Development Economics Research | Brown University | United Nations High Commissioner for Refugees | Fundação para a Ciência e a Tecnologia | National Institutes of Health | International Growth Centre"
10.1016/j.jdeveco.2025.103478,JDE,2025,"Weather shocks, infant mortality, and adaptation: Experimental evidence from Uganda",metadata,5,Children's Investment Fund Foundation | Swedish Handelsbanken Research Foundation | International Institute for Environmental Studies | Riksbankens Jubileumsfond | Stanford Graduate School of Education
10.1016/j.jdeveco.2022.102820,JDE,2022,Heterogenous teacher effects of two incentive schemes: Evidence from a low-income country,fulltext,3,Strategic Impact Evaluation Fund (SIEF) | Research Support Budget (RSB) of the Development Economics unit (DEC) | International Development Agency
10.1016/j.jdeveco.2020.102613,JDE,2021,Body and mind: Experimental evidence from women living with HIV,metadata,1,Irish Aid
10.1016/j.jdeveco.2023.103148,JDE,2023,Spousal communication and information sharing: Evidence from migrants and their spouses,metadata,1,University of Michigan
10.1016/j.jdeveco.2024.103263,JDE,2024,A mother’s voice: Impacts of spousal communication training on child health investments,metadata,3,United States Agency for International Development (USAID) | Stiftelsen för Miljöstrategisk Forskning | Uganda National Council for Science and Technology
10.1016/j.jdeveco.2024.103311,JDE,2024,"Information frictions, belief updating and internal migration: Evidence from Ghana and Uganda",fulltext,8,German Federal Ministry for Economic Cooperation and Development (BMZ) | European Union | Norwegian Agency for Development Cooperation (Norad) | Korean International Cooperation Agency (KOICA) | FCDO | Sasol | Quoniam Asset Management | Shell
10.1016/j.jdeveco.2021.102718,JDE,2021,Can community service grants foster social and economic integration for youth? A randomized trial in Kazakhstan,metadata,1,World Bank Group
10.1016/j.jdeveco.2022.102976,JDE,2022,Persuading voters to punish corrupt vote-buying candidates: Experimental evidence from a large-scale radio campaign in India,fulltext,1,Abdul Latif Jameel Poverty Action Lab (J-PAL)
10.1016/j.jdeveco.2022.103044,JDE,2023,Impersonal trust in a Just and Unjust world: Evidence from an educational intervention,metadata,5,Bilkent Üniversitesi | World Bank Group | Université de Lausanne | Massachusetts Institute of Technology | Economic and Social Research Council
10.1016/j.jdeveco.2022.103043,JDE,2023,Federal and state audits do not increase compliance with a grant program to improve municipal infrastructure: A pre-registered field experiment,fulltext,3,Yale's Institute for Social and Policy Studies | Leitner Program in International and Comparative Political Economy | New York University
10.1016/j.jdeveco.2023.103100,JDE,2023,"Price information, inter-village networks, and “bargaining spillovers”: Experimental evidence from Ghana",metadata,2,New York University | International Growth Centre
10.1016/j.jdeveco.2024.103315,JDE,2024,Punishing mayors who fail the test: How do voters respond to information about educational outcomes?,metadata,1,Fondo Nacional de Desarrollo Científico y Tecnológico
10.1016/j.jdeveco.2022.102896,JDE,2022,Evaluating the distributive effects of a micro-credit intervention,fulltext,4,"Australian Agency for International Development | International Growth Centre, United Kingdom | United States Agency for International Development (USAID) | Hong Kong Research Grants Council"
10.1016/j.jdeveco.2024.103320,JDE,2024,In-group competition for incentives,fulltext,1,United States Agency for International Development (USAID)
10.1016/j.jdeveco.2024.103317,JDE,2024,Altruism in governance: Insights from randomized training for Pakistan's junior ministers,fulltext,2,French National Research Agency (ANR) | TSE-Partnership
10.1016/j.jdeveco.2024.103345,JDE,2024,Allocating labor across small firms: Experimental evidence on information constraints,metadata,3,NYUAD | Abdul Latif Jameel Poverty Action Lab (J-PAL) | Centre for Economic Policy Research
10.1016/j.jdeveco.2024.103435,JDE,2024,Measuring racial bias in employment services in Colombia,metadata,4,Spanish Ministry of Economy and Competitiveness | Inter-American Development Bank | Ministerio de Ciencia e Innovación | Islamic Development Bank
10.1016/j.jdeveco.2024.103305,JDE,2024,Information and immigrant settlement,fulltext,1,International Initiative for Impact Evaluation (3ie)
10.1016/j.jdeveco.2024.103330,JDE,2024,How important are matching frictions in the labor market? Experimental &amp; non-experimental evidence from a large Indian firm,fulltext,3,PEDL Exploratory Grants | Massachusetts Institute of Technology | Centre for Economic Policy and Research
10.1016/j.jdeveco.2025.103598,JDE,2025,Can subsidized employment tackle long-term unemployment? Experimental evidence from North Macedonia,metadata,4,European Research Council | Fundação para a Ciência e a Tecnologia | Economic and Social Research Council | European Commission
10.1016/j.jdeveco.2024.103346,JDE,2024,Unlocking the benefits of credit through saving,metadata,1,Agricultural Technology Adoption Initiative
10.1016/j.jdeveco.2024.103407,JDE,2024,A tale of framing and screening: How health messaging and house screening affect malaria transmission in Ethiopia,metadata,2,World Health Organization | Norad
10.1016/j.jdeveco.2024.103414,JDE,2024,Going the distance: Hybrid vocational training for women in Nepal,metadata,2,United States Agency for International Development (USAID) | Bill & Melinda Gates Foundation
10.1016/j.jdeveco.2025.103452,JDE,2025,Do employers discriminate against married women? Evidence from a field experiment in Egypt,metadata,3,Economic Research Forum | International Labour Organisation | International Labour Organization
10.1016/j.jdeveco.2025.103454,JDE,2025,In search of the holy grail: Post-intervention effects of an unconditional cash transfer program in Zambia,fulltext,0,
10.1016/j.jdeveco.2024.103447,JDE,2025,Timing matters: The (very) long-run impacts of cash grants during a crisis,metadata,6,"Bundesministerium für Bildung und Forschung | World Bank Group | Random Walk Imaging | University of California, Irvine | University of Connecticut | IZA Institute of Labor Economics"
10.1016/j.jdeveco.2025.103476,JDE,2025,Who benefits from job training programs? Evidence from a high-dosage program in Brazil,metadata,1,UNU-WIDER
10.1016/j.jdeveco.2025.103473,JDE,2025,"Therapy, mental health, and human capital accumulation among adolescent girls in Uganda",metadata,5,George Washington University | Abdul Latif Jameel Poverty Action Lab (J-PAL) | Makerere University | Uganda National Council for Science and Technology | University of Melbourne
10.1016/j.jdeveco.2025.103540,JDE,2025,Price and prejudice: Gender discrimination in online marketplaces,metadata,2,Lahore University of Management Sciences | Sewanee: The University of the South
10.1016/j.jdeveco.2025.103546,JDE,2025,Persistent yet ameliorable shocks to female entrepreneurship: Experimental evidence from Kenya,metadata,1,World Bank Group
10.1016/j.jdeveco.2025.103545,JDE,2025,Improving school leadership in Rwanda,fulltext,2,Belgian Directorate-General for Development Cooperation and Humanitarian Aid (DGD) | Mastercard Foundation
10.1016/j.jdeveco.2023.103201,JDE,2023,Supporting early childhood development remotely: Experimental evidence from SMS messages,metadata,1,Inter-American Development Bank
10.1016/j.jdeveco.2021.102674,JDE,2021,A breath of fresh air: Raising awareness for clean fuel adoption,fulltext,1,Bill and Melinda Gates Foundation's Initiative for What Works to Advance Women and Girls in the Economy (IWWAGE)
10.1016/j.jdeveco.2020.102615,JDE,2021,The Effects of Chess Instruction on Academic and Non-cognitive Outcomes: Field Experimental Evidence from a Developing Country,metadata,2,Deakin University | Monash University
10.1016/j.jdeveco.2021.102701,JDE,2021,Testing willingness to pay elicitation mechanisms in the field: Evidence from Uganda,metadata,1,Vetenskapsradet
10.1016/j.jdeveco.2024.103354,JDE,2024,Social ties at work and effort choice: Experimental evidence from Tanzania,metadata,2,University of Dar es Salaam | Danish International Development Agency
10.1016/j.jdeveco.2024.103365,JDE,2024,Better together? Group incentives and the demand for prevention,metadata,1,UKRI Medical Research Council
10.1016/j.jdeveco.2024.103449,JDE,2025,Beyond the records: Data quality and COVID-19 vaccination progress in low- and middle-income countries,metadata,1,World Bank Group
10.1016/j.jdeveco.2025.103469,JDE,2025,Can SMS interventions increase vaccination? Evidence from the COVID-19 pandemic in Kenya,metadata,1,Bill & Melinda Gates Foundation
10.1016/j.jdeveco.2025.103480,JDE,2025,Understanding the effects of group composition by risk for violence. Experimental evidence from El Salvador,metadata,3,International Development Research Centre | Pontificia Universidad Católica de Chile | World Bank Group
10.1016/j.jdeveco.2025.103492,JDE,2025,Compliance and accountability-seeking: Evidence from a field experiment in Argentina,metadata,6,Universidad Nacional de San Martín | Universidad de Buenos Aires | Universität Hamburg | London School of Economics and Political Science | Universiteit Utrecht | Inter-American Development Bank
10.1016/j.jdeveco.2025.103504,JDE,2025,"Lights, camera, school: Information provision though television during COVID-19 times",metadata,1,Fondo Nacional de Desarrollo Científico y Tecnológico
10.1016/j.jdeveco.2025.103537,JDE,2025,Community monitoring and social accountability in development projects: Experimental evidence from Uganda,metadata,2,Vanguard Charitable Trust | World Bank Group
10.1016/j.jdeveco.2025.103600,JDE,2025,Agricultural technology adoption and deforestation: Evidence from a randomized control trial,metadata,3,U.S. Department of Agriculture | National Institute of Food and Agriculture | CGIAR
10.1016/j.jdeveco.2025.103601,JDE,2025,"Transfers, information and management advice: Direct effects and complementarities in Malawi",metadata,4,FCDO | University of Illinois at Urbana-Champaign | International Fine Particle Research Institute | CGIAR
10.1016/j.jdeveco.2025.103612,JDE,2025,Attitudes towards reducing fossil fuel subsidies: Evidence across 12 middle-income countries,metadata,2,World Bank Group | American Economic Association
10.1016/j.jdeveco.2025.103633,JDE,2025,Migration and sources of discrimination in a social context: Experimental evidence from 15 Latin American countries,metadata,6,Luminarts Cultural Foundation | University of Zurich Foundation | Japan Society for the Promotion of Science | Universität Zürich | Universitetet i Stavanger | Universidad de Oviedo
10.1016/j.jdeveco.2025.103645,JDE,2025,Complementing business training with access to finance: Evidence from SMEs in Kenya,metadata,1,Deutsche Forschungsgemeinschaft (DFG)
10.1016/j.jdeveco.2025.103662,JDE,2025,Unlocking young women’s potential? The impact of a low-cost career guidance program,metadata,3,Alexander von Humboldt-Stiftung | Universität Konstanz | Deutsche Forschungsgemeinschaft (DFG)
10.1016/j.jdeveco.2025.103679,JDE,2025,Large firms and the intensive margin of labor informality evidence from an enforcement intervention in Peru,fulltext,1,Inter-American Development Bank
10.1016/j.jdeveco.2025.103687,JDE,2025,Remote tutoring in Latin America,metadata,1,University of Nottingham University Park Campus
10.1016/j.jdeveco.2025.103690,JDE,2025,User-centered approaches to contraceptive counseling: Experimental evidence from urban Malawi,metadata,2,William and Flora Hewlett Foundation | Boston University
10.1016/j.jdeveco.2025.103706,JDE,2025,Bring a friend: Leveraging financial and peer support to improve women’s reproductive agency in India,metadata,10,Northeastern University | Cornell University | Georg-August-Universität Göttingen | Syracuse University | Power | International Fine Particle Research Institute | World Bank Group | William and Flora Hewlett Foundation | Boston University | University of Illinois at Urbana-Champaign
