doi,doi_url,journal_short,publication_year,volume,issue,first_page,last_page,title,authors,pdf_filename,pdf_collected
10.1257/app.20190220,https://doi.org/10.1257/app.20190220,AEJ_Applied,2021,13,4,34,69,Different Strokes for Different Folks? Experimental Evidence on the Effectiveness of Input and Output Incentive Contracts for Health Care Providers with Varying Skills,Manoj Mohanan; Katherine Donato; Grant Miller; Yulya Truskinovsky; Marcos Vera‐Hernández,10.1257_app.20190220.pdf,
10.1257/app.20210180,https://doi.org/10.1257/app.20210180,AEJ_Applied,2021,15,2,31,68,Discriminatory Lending: Evidence from Bankers in the Lab,Jonathan Brock; Ralph De Haas,10.1257_app.20210180.pdf,
10.1257/app.20190722,https://doi.org/10.1257/app.20190722,AEJ_Applied,2021,14,1,225,260,Does Patient Demand Contribute to the Overuse of Prescription Drugs?,Carolina López; Anja Sautmann; Simone Schaner,10.1257_app.20190722.pdf,
10.1257/app.20180340,https://doi.org/10.1257/app.20180340,AEJ_Applied,2021,13,2,297,332,Growing Markets through Business Training for Female Entrepreneurs: A Market-Level Randomized Experiment in Kenya,David McKenzie; Susana Puerto,10.1257_app.20180340.pdf,
10.1257/app.20190783,https://doi.org/10.1257/app.20190783,AEJ_Applied,2021,13,2,52,82,Improving Last-Mile Service Delivery Using Phone-Based Monitoring,Karthik Muralidharan; Paul Niehaus; Sandip Sukhtankar; Jeffrey Weaver,10.1257_app.20190783.pdf,
10.1257/app.20190568,https://doi.org/10.1257/app.20190568,AEJ_Applied,2021,14,1,1,41,Rational Habit Formation: Experimental Evidence from Handwashing in India,Reshmaan Hussam; Atonu Rabbani; Giovanni Reggiani; Natalia Rigol,10.1257_app.20190568.pdf,
10.1257/app.20190396,https://doi.org/10.1257/app.20190396,AEJ_Applied,2021,13,2,206,229,Subsidies and the African Green Revolution: Direct Effects and Social Network Spillovers of Randomized Input Subsidies in Mozambique,Michael Carter; Rachid Laajaj; Dean Yang,10.1257_app.20190396.pdf,
10.1257/app.20190497,https://doi.org/10.1257/app.20190497,AEJ_Applied,2021,13,4,125,149,Teaching Labor Laws: Evidence from a Randomized Control Trial in South Africa,Marianne Bertrand; Bruno Crépon,10.1257_app.20190497.pdf,
10.1257/app.20200721,https://doi.org/10.1257/app.20200721,AEJ_Applied,2022,15,1,259,291,Incentivized Peer Referrals for Tuberculosis Screening: Evidence from India,Jessica Goldberg; Mario Macis; Pradeep K. Chintagunta,10.1257_app.20200721.pdf,
10.1257/app.20210011,https://doi.org/10.1257/app.20210011,AEJ_Applied,2022,15,1,319,350,Inefficient Water Pricing and Incentives for Conservation,Ujjayant Chakravorty; Manzoor H. Dar; Kyle Emerick,10.1257_app.20210011.pdf,
10.1257/app.20200025,https://doi.org/10.1257/app.20200025,AEJ_Applied,2022,14,2,101,125,LinkedIn(to) Job Opportunities: Experimental Evidence from Job Readiness Training,Laurel Wheeler; Robert Garlick; Eric Johnson; Patrick Shaw; Marissa Gargano,10.1257_app.20200025.pdf,
10.1257/app.20210041,https://doi.org/10.1257/app.20210041,AEJ_Applied,2022,15,1,383,410,The Effects of Working While in School: Evidence from Employment Lotteries,Thomas Le Barbanchon; Diego Ubfal; Federico Araya,10.1257_app.20210041.pdf,
10.1257/app.20200306,https://doi.org/10.1257/app.20200306,AEJ_Applied,2022,14,4,58,90,Using Individual-Level Randomized Treatment to Learn about Market Structure,Lorenzo Casaburi; Tristan Reed,10.1257_app.20200306.pdf,
10.1257/app.20200639,https://doi.org/10.1257/app.20200639,AEJ_Applied,2023,15,3,313,340,Adverse Selection in Low-Income Health Insurance Markets: Evidence from an RCT in Pakistan,Torben Fischer; Markus Frölich; Andreas Landmann,10.1257_app.20200639.pdf,
10.1257/app.20200503,https://doi.org/10.1257/app.20200503,AEJ_Applied,2023,15,2,253,284,Are Small Firms Labor Constrained? Experimental Evidence from Ghana,Morgan Hardy; Jamie McCasland,10.1257_app.20200503.pdf,
10.1257/app.20210266,https://doi.org/10.1257/app.20210266,AEJ_Applied,2023,16,1,157,192,Does Exposure to Other Ethnic Regions Promote National Integration? Evidence from Nigeria,Oyebola Okunogbe,10.1257_app.20210266.pdf,
10.1257/app.20210571,https://doi.org/10.1257/app.20210571,AEJ_Applied,2023,15,4,321,352,Hidden Income and the Perceived Returns to Migration,Travis Baseler,10.1257_app.20210571.pdf,
10.1257/app.20210683,https://doi.org/10.1257/app.20210683,AEJ_Applied,2023,16,1,286,313,Is It Who You Are or What You Get? Comparing the Impacts of Loans and Grants for Microenterprise Development,Bruno Crépon; Mohamed El-Komi; Adam Osman,10.1257_app.20210683.pdf,
10.1257/app.20210583,https://doi.org/10.1257/app.20210583,AEJ_Applied,2023,15,3,35,79,Uncovering Peer Effects in Social and Academic Skills,Román Andrés Zárate,10.1257_app.20210583.pdf,
10.1257/app.20220072,https://doi.org/10.1257/app.20220072,AEJ_Applied,2024,17,1,527,566,Digital Information Provision and Behavior Change: Lessons from Six Experiments in East Africa,Raissa Fabregas; Michael Kremer; Matthew Lowes; Robert On; Giulia Zane,10.1257_app.20220072.pdf,
10.1257/app.20220532,https://doi.org/10.1257/app.20220532,AEJ_Applied,2024,16,4,322,360,"Noise, Cognitive Function, and Worker Productivity",Joshua T. Dean,10.1257_app.20220532.pdf,
10.1257/app.20220037,https://doi.org/10.1257/app.20220037,AEJ_Applied,2024,16,2,219,248,Private Input Suppliers as Information Agents for Technology Adoption in Agriculture,Manzoor H. Dar; Alain de Janvry; Kyle Emerick; Élisabeth Sadoulet; Eleanor Wiseman,10.1257_app.20220037.pdf,
10.1257/app.20220088,https://doi.org/10.1257/app.20220088,AEJ_Applied,2024,16,3,323,353,Public Information Is an Incentive for Politicians: Experimental Evidence from Delhi Elections,Abhijit Banerjee; Nils Enevoldsen; Rohini Pande; Michael Walton,10.1257_app.20220088.pdf,
10.1257/app.20220443,https://doi.org/10.1257/app.20220443,AEJ_Applied,2024,16,4,109,143,"Schoolgirls, Not Brides: Education as a Shield against Child Marriage",Hélène Giacobino; Élise Huillery; Bastien Michel; Mathilde Sage,10.1257_app.20220443.pdf,
10.1257/app.20220047,https://doi.org/10.1257/app.20220047,AEJ_Applied,2024,16,3,482,515,Spillovers without Social Interactions in Urban Sanitation,Joshua Deutschmann; Molly Lipscomb; Laura Schechter; Jessica Zhu,10.1257_app.20220047.pdf,
10.1257/app.20210248,https://doi.org/10.1257/app.20210248,AEJ_Applied,2024,16,2,359,388,"What’s Behind Her Smile? Health, Looks, and Self-Esteem",Francisco Gallego; Cristian Larroulet Philippi; Andrea Repetto,10.1257_app.20210248.pdf,
10.1257/app.20230150,https://doi.org/10.1257/app.20230150,AEJ_Applied,2025,17,3,80,116,Can Development Programs Counter Insurgencies? Evidence from a Field Experiment in Afghanistan<sup>†</sup>,Andrew Beath; Fotini Christia; Рубен Ениколопов,10.1257_app.20230150.pdf,
10.1257/app.20230227,https://doi.org/10.1257/app.20230227,AEJ_Applied,2025,17,2,75,101,"Childcare, Labor Supply, and Business Development: Experimental Evidence from Uganda",Kjetil Bjorvatn; Denise Ferris; Selim Gulesci; Arne Nasgowitz; Vincent Somville; Lore Vandewalle,10.1257_app.20230227.pdf,
10.1257/app.20230672,https://doi.org/10.1257/app.20230672,AEJ_Applied,2025,17,3,414,445,"Information Systems, Service Delivery, and Corruption: Evidence From the Bangladesh Civil Service",Martin Mattsson,10.1257_app.20230672.pdf,
10.1257/app.20230108,https://doi.org/10.1257/app.20230108,AEJ_Applied,2025,17,2,102,126,"Sustainable Poverty Reduction through Social Assistance: Modality, Context, and Complementary Programming in Bangladesh",Akhter Ahmed; Mélissa Hidrobo; John Hoddinott; Bastien Kolt; Shalini Roy; Salauddin Tauseef,10.1257_app.20230108.pdf,
10.1257/pol.20190664,https://doi.org/10.1257/pol.20190664,AEJ_EP,2021,13,1,36,66,"Improving Police Performance in Rajasthan, India: Experimental Evidence on Incentives, Managerial Autonomy, and Training",Abhijit Banerjee; Raghabendra Chattopadhyay; Esther Duflo; Daniel Keniston; Nina Singh,10.1257_pol.20190664.pdf,
10.1257/pol.20200778,https://doi.org/10.1257/pol.20200778,AEJ_EP,2022,14,4,151,191,Adviser Value Added and Student Outcomes: Evidence from Randomly Assigned College Advisers,Serena Canaan; Antoine Deeb; Pierre Mouganie,10.1257_pol.20200778.pdf,
10.1257/pol.20200713,https://doi.org/10.1257/pol.20200713,AEJ_EP,2022,14,2,61,90,"Engaging Teachers with Technology Increased Achievement, Bypassing Teachers Did Not",Sabrin Beg; Waqas Halim; Adrienne Lucas; Umar Saif,10.1257_pol.20200713.pdf,
10.1257/pol.20200123,https://doi.org/10.1257/pol.20200123,AEJ_EP,2022,14,1,341,372,"Technology, Taxation, and Corruption: Evidence from the Introduction of Electronic Tax Filing",Oyebola Okunogbe; Victor Pouliquen,10.1257_pol.20200123.pdf,
10.1257/pol.20210121,https://doi.org/10.1257/pol.20210121,AEJ_EP,2023,15,1,272,305,Expanding Access to Clean Water for the Rural Poor: Experimental Evidence from Malawi,Pascaline Dupas; Basimenye Nhlema; Zachary Wagner; Aaron Wolf; Emily B Wroe,10.1257_pol.20210121.pdf,
10.1257/pol.20210202,https://doi.org/10.1257/pol.20210202,AEJ_EP,2023,15,3,256,285,Incentivizing School Attendance in the Presence of Parent-Child Information Frictions,Damien de Walque; Christine Valente,10.1257_pol.20210202.pdf,
10.1257/pol.20200563,https://doi.org/10.1257/pol.20200563,AEJ_EP,2023,15,1,510,542,"Student Performance, Peer Effects, and Friend Networks: Evidence from a Randomized Peer Intervention",Jia Wu; Junsen Zhang; Chunchao Wang,10.1257_pol.20200563.pdf,
10.1257/pol.20230283,https://doi.org/10.1257/pol.20230283,AEJ_EP,2025,17,2,388,417,Informing Mothers about the Benefits of Conversing with Infants: Experimental Evidence from Ghana,Pascaline Dupas; Camille Falézan; Seema Jayachandran; Mark Walsh,10.1257_pol.20230283.pdf,
10.1257/pol.20240183,https://doi.org/10.1257/pol.20240183,AEJ_EP,2025,17,4,135,164,Social Welfare Portability and Migration: Evidence from India’s Public Distribution System,Travis Baseler; Ambar Narayan; Odyssia Ng; Sutirtha Sinha Roy,10.1257_pol.20240183.pdf,
10.1257/pol.20230620,https://doi.org/10.1257/pol.20230620,AEJ_EP,2025,17,3,107,130,"Transmitting Rights: Effective Cooperation, Inter-gender Contact, and Student Achievement",Sultan Mehmood; Shaheen Naseer; Daniel L. Chen,10.1257_pol.20230620.pdf,
10.1257/aer.20200125,https://doi.org/10.1257/aer.20200125,AER,2021,111,5,1575,1612,An Experiment in Candidate Selection,Katherine Casey; Abou Bakarr Kamara; Niccolò F. Meriggi,10.1257_aer.20200125.pdf,
10.1257/aer.20200295,https://doi.org/10.1257/aer.20200295,AER,2021,111,6,1918,1943,Can Network Theory-Based Targeting Increase Technology Adoption?,Lori Beaman; Ariel BenYishay; Jeremy Magruder; Ahmed Mushfiq Mobarak,10.1257_aer.20200295.pdf,
10.1257/aer.20191178,https://doi.org/10.1257/aer.20191178,AER,2021,112,1,1,40,"Consumption Response to Credit Expansions: Evidence from Experimental Assignment of 45,307 Credit Lines",Deniz Aydın,10.1257_aer.20191178.pdf,
10.1257/aer.20190830,https://doi.org/10.1257/aer.20190830,AER,2021,111,5,1442,1480,"How Research Affects Policy: Experimental Evidence from 2,150 Brazilian Municipalities",Jonas Hjort; Diana Moreira; Gautam Rao; Juan Francisco Santini,10.1257_aer.20190830.pdf,
10.1257/aer.20201385,https://doi.org/10.1257/aer.20201385,AER,2021,111,10,3184,3224,Labor Rationing,Emily Breza; Supreet Kaur; Yogita Shamdasani,10.1257_aer.20201385.pdf,
10.1257/aer.20200705,https://doi.org/10.1257/aer.20200705,AER,2021,111,7,2342,2375,On Her Own Account: How Strengthening Women’s Financial Control Impacts Labor Supply and Gender Norms,Erica Field; Rohini Pande; Natalia Rigol; Simone Schaner; Charity Troyer Moore,10.1257_aer.20200705.pdf,
10.1257/aer.20191657,https://doi.org/10.1257/aer.20191657,AER,2021,111,7,2179,2212,Pay Me Later: Savings Constraints and the Demand for Deferred Payments,Lasse Brune; Eric Chyn; Jason Kerwin,10.1257_aer.20191657.pdf,
10.1257/aer.20191972,https://doi.org/10.1257/aer.20191972,AER,2021,111,7,2213,2246,"Recruitment, Effort, and Retention Effects of Performance Contracts for Civil Servants: Experimental Evidence from Rwandan Primary Schools",Clare Leaver; Owen Ozier; Pieter Serneels; Andrew Zeitlin,10.1257_aer.20191972.pdf,
10.1257/aer.20200523,https://doi.org/10.1257/aer.20200523,AER,2021,111,9,3035,3063,The Challenges of Universal Health Insurance in Developing Countries: Experimental Evidence from Indonesia’s National Health Insurance,Abhijit Banerjee; Amy Finkelstein; Rema Hanna; Benjamin Olken; Arianna Ornaghi; Sudarno Sumarto,10.1257_aer.20200523.pdf,
10.1257/aer.20191726,https://doi.org/10.1257/aer.20191726,AER,2021,111,8,2506,2549,The Impacts of a Multifaceted Prenatal Intervention on Human Capital Accumulation in Early Life,Pedro Carneiro; Lucy Kraftman; Giacomo Mason; Lucie Moore; Imran Rasul; Molly Scott,10.1257_aer.20191726.pdf,
10.1257/aer.20190586,https://doi.org/10.1257/aer.20190586,AER,2021,111,6,1757,1806,The Selection of Talent: Experimental and Structural Evidence from Ethiopia,Girum Abebe; Stefano Caria; Esteban Ortiz-Ospina,10.1257_aer.20190586.pdf,
10.1257/aer.20191780,https://doi.org/10.1257/aer.20191780,AER,2021,111,6,1807,1844,Types of Contact: A Field Experiment on Collaborative and Adversarial Caste Integration,Matt Lowe,10.1257_aer.20191780.pdf,
10.1257/aer.20210778,https://doi.org/10.1257/aer.20210778,AER,2022,112,8,2631,2668,All Eyes on Them: A Field Experiment on Citizen Oversight and Electoral Integrity,Natalia Garbiras-Díaz; Mateo Montenegro,10.1257_aer.20210778.pdf,
10.1257/aer.20210766,https://doi.org/10.1257/aer.20210766,AER,2022,112,10,3291,3330,"Credit, Attention, and Externalities in the Adoption of Energy Efficient Technologies by Low-Income Households",Susanna Berkouwer; Joshua T. Dean,10.1257_aer.20210766.pdf,
10.1257/aer.20201661,https://doi.org/10.1257/aer.20201661,AER,2022,112,3,798,826,"Fictional Money, Real Costs: Impacts of Financial Salience on Disadvantaged Students",Claire Duquennois,10.1257_aer.20201661.pdf,
10.1257/aer.20200961,https://doi.org/10.1257/aer.20200961,AER,2022,112,11,3547,3583,Job Search and Hiring with Limited Information about Workseekers’ Skills,Eliana Carranza; Robert Garlick; Kate Orkin; Neil Rankin,10.1257_aer.20200961.pdf,
10.1257/aer.20201159,https://doi.org/10.1257/aer.20201159,AER,2022,112,3,762,797,Local Elites as State Capacity: How City Chiefs Use Local Information to Increase Tax Compliance in the Democratic Republic of the Congo,Pablo Balán; Augustin Bergeron; Gabriel Tourek; Jonathan Weigel,10.1257_aer.20201159.pdf,
10.1257/aer.20210122,https://doi.org/10.1257/aer.20210122,AER,2022,112,8,2518,2552,Market Access and Quality Upgrading: Evidence from Four Field Experiments,Tessa Bold; Selene Ghisolfi; F. Nsonzi; Jakob Svensson,10.1257_aer.20210122.pdf,
10.1257/aer.20201892,https://doi.org/10.1257/aer.20201892,AER,2022,112,11,3528,3546,Persistent Polarizing Effects of Persuasion: Experimental Evidence from Turkey,Ceren Baysan,10.1257_aer.20201892.pdf,
10.1257/aer.20201112,https://doi.org/10.1257/aer.20201112,AER,2022,112,3,899,927,Reshaping Adolescents' Gender Attitudes: Evidence from a School-Based Experiment in India,Diva Dhar; Tarun Jain; Seema Jayachandran,10.1257_aer.20201112.pdf,
10.1257/aer.20200751,https://doi.org/10.1257/aer.20200751,AER,2022,112,3,861,898,Targeting High Ability Entrepreneurs Using Community Information: Mechanism Design in the Field,Reshmaan Hussam; Natalia Rigol; Benjamin Roth,10.1257_aer.20200751.pdf,
10.1257/aer.20211616,https://doi.org/10.1257/aer.20211616,AER,2022,112,11,3694,3724,The Psychosocial Value of Employment: Evidence from a Refugee Camp,Reshmaan Hussam; Erin Kelley; Gregory Lane; Fatima Zahra,10.1257_aer.20211616.pdf,
10.1257/aer.20190565,https://doi.org/10.1257/aer.20190565,AER,2022,112,11,3627,3659,Vulnerability and Clientelism,Gustavo J. Bobonis; Paul Gertler; Marco Gonzalez-Navarro; Simeon Nichter,10.1257_aer.20190565.pdf,
10.1257/aer.20220720,https://doi.org/10.1257/aer.20220720,AER,2023,113,10,2645,2688,A Signal to End Child Marriage: Theory and Experimental Evidence from Bangladesh,Nina Buchmann; Erica Field; Rachel Glennerster; Shahana Nazneen; Xiaoyu Wang,10.1257_aer.20220720.pdf,
10.1257/aer.20211826,https://doi.org/10.1257/aer.20211826,AER,2023,113,8,2055,2083,Does Identity Affect Labor Supply?,Suanna Oh,10.1257_aer.20211826.pdf,
10.1257/aer.20210461,https://doi.org/10.1257/aer.20210461,AER,2023,113,2,514,547,Electronic Food Vouchers: Evidence from an At-Scale Experiment in Indonesia,Abhijit Banerjee; Rema Hanna; Benjamin Olken; Elan Satriawan; Sudarno Sumarto,10.1257_aer.20210461.pdf,
10.1257/aer.20211207,https://doi.org/10.1257/aer.20211207,AER,2023,113,3,766,799,"Subjective Performance Evaluation, Influence Activities, and Bureaucratic Work Behavior: Evidence from China",Alain de Janvry; Guojun He; Élisabeth Sadoulet; Shaoda Wang; Qiong Zhang,10.1257_aer.20211207.pdf,
10.1257/aer.20210687,https://doi.org/10.1257/aer.20210687,AER,2023,114,1,169,198,The Economic Impact of Depression Treatment in India: Evidence from Community-Based Provision of Pharmacotherapy,Manuela Angelucci; Daniel Bennett,10.1257_aer.20210687.pdf,
10.1257/aer.20210701,https://doi.org/10.1257/aer.20210701,AER,2023,113,3,585,627,When a Doctor Falls from the Sky: The Impact of Easing Doctor Supply Constraints on Mortality,Edward N. Okeke,10.1257_aer.20210701.pdf,
10.1257/aer.20211879,https://doi.org/10.1257/aer.20211879,AER,2023,113,9,2287,2322,Worth Your Weight: Experimental Evidence on the Benefits of Obesity in Low-Income Countries,Elisa Macchi,10.1257_aer.20211879.pdf,
10.1257/aer.20210169,https://doi.org/10.1257/aer.20210169,AER,2024,114,2,534,574,Asset-Based Microfinance for Microenterprises: Evidence from Pakistan,Faisal Bari; Kashif Malik; Muhammad Meki; Simon Quinn,10.1257_aer.20210169.pdf,
10.1257/aer.20220616,https://doi.org/10.1257/aer.20220616,AER,2024,114,9,2825,2860,Big Loans to Small Businesses: Predicting Winners and Losers in an Entrepreneurial Lending Experiment,Gharad Bryan; Dean Karlan; Adam Osman,10.1257_aer.20220616.pdf,
10.1257/aer.20221215,https://doi.org/10.1257/aer.20221215,AER,2024,114,3,815,850,Does the Squeaky Wheel Get More Grease? The Direct and Indirect Effects of Citizen Participation on Environmental Governance in China,Mark Buntaine; Michael Greenstone; Guojun He; Mengdi Liu; Shaoda Wang; Bing Zhang,10.1257_aer.20221215.pdf,
10.1257/aer.20220711,https://doi.org/10.1257/aer.20220711,AER,2024,114,8,2308,2351,Indirect Effects of Access to Finance,Cai Jing; Ádám Szeidl,10.1257_aer.20220711.pdf,
10.1257/aer.20220296,https://doi.org/10.1257/aer.20220296,AER,2024,114,9,2792,2824,Investing in the Next Generation: The Long-Run Impacts of a Liquidity Shock,Patrick Agte; Arielle Bernhardt; Erica Field; Rohini Pande; Natalia Rigol,10.1257_aer.20220296.pdf,
10.1257/aer.20210987,https://doi.org/10.1257/aer.20210987,AER,2024,114,10,3119,3160,Monitoring in Small Firms: Experimental Evidence from Kenyan Public Transit,Erin Kelley; Gregory Lane; David Schönholzer,10.1257_aer.20210987.pdf,
10.1257/aer.20230084,https://doi.org/10.1257/aer.20230084,AER,2024,114,4,1173,1210,Nurturing Childhood Curiosity to Enhance Learning: Evidence from a Randomized Pedagogical Intervention,Şule Alan; Ipek Mumcu,10.1257_aer.20230084.pdf,
10.1257/aer.20220717,https://doi.org/10.1257/aer.20220717,AER,2024,114,5,1415,1447,Resisting Social Pressure in the Household Using Mobile Money: Experimental Evidence on Microenterprise Investment in Uganda,Emma Riley,10.1257_aer.20220717.pdf,
10.1257/aer.20220471,https://doi.org/10.1257/aer.20220471,AER,2024,114,5,1382,1414,Urban Public Works in Spatial Equilibrium: Experimental Evidence from Ethiopia,Simon Franklin; Clément Imbert; Girum Abebe; Carolina Mejía-Mantilla,10.1257_aer.20220471.pdf,
10.1257/aer.20240119,https://doi.org/10.1257/aer.20240119,AER,2025,115,9,3248,3271,Drivers of Change: Employment Responses to the Lifting of the Saudi Female Driving Ban,Chaza Abou Daher; Erica Field; Kendal Swanson; Kate Vyborny,10.1257_aer.20240119.pdf,
10.1257/aer.20230947,https://doi.org/10.1257/aer.20230947,AER,2025,115,7,2306,2342,Effects of Enhanced Legal Aid in Child Welfare: Evidence from a Randomized Trial of Mi Abogado,Ryan Cooper; Joseph Doyle; Andrés Hojman,10.1257_aer.20230947.pdf,
10.1257/aer.20240374,https://doi.org/10.1257/aer.20240374,AER,2025,115,2,365,407,Empowering Adolescents to Transform Schools: Lessons from a Behavioral Targeting,Şule Alan; Elif Kubilay,10.1257_aer.20240374.pdf,
10.1257/aer.20221234,https://doi.org/10.1257/aer.20221234,AER,2025,115,3,727,771,Land Rental Markets: Experimental Evidence from Kenya,Michelle Acampora; Lorenzo Casaburi; Jack Willis,10.1257_aer.20221234.pdf,
10.1257/aer.20230758,https://doi.org/10.1257/aer.20230758,AER,2025,115,6,1975,2000,Leaders in Social Movements: Evidence from Unions in Myanmar,Laura Boudreau; Rocco Macchiavello; Virginia Minni; Mari Tanaka,10.1257_aer.20230758.pdf,
10.1257/aer.20231247,https://doi.org/10.1257/aer.20231247,AER,2025,115,7,2343,2375,Mission Motivation and Public Sector Performance: Experimental Evidence from Pakistan,Muhammad Yasir Khan,10.1257_aer.20231247.pdf,
10.1257/aer.20241305,https://doi.org/10.1257/aer.20241305,AER,2025,115,8,2659,2688,The Negligible Effect of Free Contraception on Fertility: Experimental Evidence from Burkina Faso,Pascaline Dupas; Seema Jayachandran; Adriana Lleras‐Muney; Pauline Rossi,10.1257_aer.20241305.pdf,
10.1257/aeri.20190382,https://doi.org/10.1257/aeri.20190382,AERI,2021,3,1,35,50,Connecting the Countryside via E-Commerce: Evidence from China,Victor Couture; Benjamin Faber; Yizhen Gu; Lizhi Liu,10.1257_aeri.20190382.pdf,
10.1257/aeri.20200667,https://doi.org/10.1257/aeri.20200667,AERI,2021,3,4,471,486,Long-Term Effects of the Targeting the Ultra Poor Program,Abhijit Banerjee; Esther Duflo; Garima Sharma,10.1257_aeri.20200667.pdf,
10.1257/aeri.20210612,https://doi.org/10.1257/aeri.20210612,AERI,2022,4,4,527,545,Cognitive Behavioral Therapy among Ghana's Rural Poor Is Effective Regardless of Baseline Mental Distress,Nathan Barker; Gharad Bryan; Dean Karlan; Angela Ofori-Atta; Christopher Udry,10.1257_aeri.20210612.pdf,
10.1257/aeri.20200723,https://doi.org/10.1257/aeri.20200723,AERI,2022,4,1,1,17,Gotta Have Money to Make Money? Bargaining Behavior and Financial Need of Microentrepreneurs,Morgan Hardy; Gisella Kagy; Lena Song,10.1257_aeri.20200723.pdf,
10.1257/aeri.20220427,https://doi.org/10.1257/aeri.20220427,AERI,2023,5,4,527,545,Cognitive Behavioral Therapy Reduces Crime and Violence over Ten Years: Experimental Evidence,Christopher Blattman; Sebastián Chaskel; Julian Jamison; Margaret A. Sheridan,10.1257_aeri.20220427.pdf,
10.1257/aeri.20220321,https://doi.org/10.1257/aeri.20220321,AERI,2023,5,4,427,444,Ghosting the Tax Authority: Fake Firms and Tax Fraud in Ecuador,Paul E. Carrillo; Dave Donaldson; Dina Pomeranz; Monica Singhal,10.1257_aeri.20220321.pdf,
10.1257/aeri.20220566,https://doi.org/10.1257/aeri.20220566,AERI,2023,5,4,546,562,Hiring Frictions and the Promise of Online Job Portals: Evidence from India,A. Nilesh Fernando; Niharika Singh; Gabriel Tourek,10.1257_aeri.20220566.pdf,
10.1257/aeri.20220696,https://doi.org/10.1257/aeri.20220696,AERI,2024,6,1,120,136,Can Financial Incentives to Firms Improve Apprenticeship Training? Experimental Evidence from Ghana,Gabriel Brown; Morgan Hardy; Isaac Mbiti; Jamie McCasland; Isabelle Salcher,10.1257_aeri.20220696.pdf,
10.1257/aeri.20230069,https://doi.org/10.1257/aeri.20230069,AERI,2024,6,1,137,153,Cash and Conflict: Large-Scale Experimental Evidence from Niger,Patrick Prémand; Dominic Rohner,10.1257_aeri.20230069.pdf,
10.1257/aeri.20230156,https://doi.org/10.1257/aeri.20230156,AERI,2024,6,2,277,294,The Fading Treatment Effects of a Multifaceted Asset-Transfer Program in Ethiopia,Nathan Barker; Dean Karlan; Christopher Udry; Kelsey Wright,10.1257_aeri.20230156.pdf,
10.1257/aeri.20240581,https://doi.org/10.1257/aeri.20240581,AERI,2025,7,4,463,479,Long-Term and Lasting Impacts of Personal Initiative Training on Entrepreneurial Success,Francisco Campos Freire; Michael Fresé; Leonardo Iacovone; Hillary C. Johnson; David McKenzie; Mona Mensmann,10.1257_aeri.20240581.pdf,
10.1257/aeri.20230431,https://doi.org/10.1257/aeri.20230431,AERI,2025,7,1,39,55,Money (Not) to Burn: Payments for Ecosystem Services to Reduce Crop Residue Burning,B. Kelsey Jack; Seema Jayachandran; Namrata Kala; Rohini Pande,10.1257_aeri.20230431.pdf,
10.1257/aeri.20230594,https://doi.org/10.1257/aeri.20230594,AERI,2025,7,1,71,89,Promotions and Productivity: The Role of Meritocracy and Pay Progression in the Public Sector,Erika Deserranno; Philipp Kastrau; Gianmarco León,10.1257_aeri.20230594.pdf,
10.1257/aeri.20240058,https://doi.org/10.1257/aeri.20240058,AERI,2025,7,1,1,18,Surviving Bad News: Health Information without Treatment Options,Alberto Ciancio; Fabrice Kämpfen; Hans‐Peter Kohler; Rebecca Thornton,10.1257_aeri.20240058.pdf,
10.3982/ecta18916,https://doi.org/10.3982/ecta18916,ECMA,2023,91,5,1595,1627,Selection Into Credit Markets: Evidence From Agriculture in Mali,Lori Beaman; Dean Karlan; Bram Thuysbaert; Christopher Udry,10.3982_ecta18916.pdf,
10.3982/ecta19959,https://doi.org/10.3982/ecta19959,ECMA,2024,92,4,1163,1193,The State Capacity Ceiling on Tax Rates: Evidence From Randomized Tax Abatements in the DRC,Augustin Bergeron; Gabriel Tourek; Jonathan Weigel,10.3982_ecta19959.pdf,
10.1093/ej/ueab007,https://doi.org/10.1093/ej/ueab007,EJ,2021,131,638,2357,2382,Psychological Effects of Poverty on Time Preferences,Vojtěch Bartoš; Michal Bauer; Julie Chytilová; Ian Levely,10.1093_ej_ueab007.pdf,
10.1093/ej/ueab071,https://doi.org/10.1093/ej/ueab071,EJ,2021,132,642,471,511,Screening and Signalling Non-Cognitive Skills: Experimental Evidence from Uganda,Vittorio Bassi; Aisha Nansamba,10.1093_ej_ueab071.pdf,
10.1093/ej/ueab027,https://doi.org/10.1093/ej/ueab027,EJ,2021,131,638,2585,2612,Voter Mobilisation and Trust in Electoral Institutions: Evidence from Kenya,Benjamin Marx; Vincent Pons; Tavneet Suri,10.1093_ej_ueab027.pdf,
10.1093/ej/ueac001,https://doi.org/10.1093/ej/ueac001,EJ,2022,132,645,1978,1993,"Expectations, Wage Hikes and Worker Voice",Achyuta Adhvaryu; Teresa Molina; Anant Nyshadham,10.1093_ej_ueac001.pdf,
10.1093/ej/ueac084,https://doi.org/10.1093/ej/ueac084,EJ,2022,133,651,1147,1180,Is School-Based Financial Education Effective? Immediate and Long-Lasting Impacts on High School Students,Verónica Frisancho,10.1093_ej_ueac084.pdf,
10.1093/ej/ueac018,https://doi.org/10.1093/ej/ueac018,EJ,2022,132,647,2438,2470,"Transfers, Diversification and Household Risk Strategies: Can Productive Safety Nets Help Households Manage Climatic Variability?",Karen Macours; Patrick Prémand; Renos Vakis,10.1093_ej_ueac018.pdf,
10.1093/ej/ueac066,https://doi.org/10.1093/ej/ueac066,EJ,2022,133,649,258,280,‘I Still Haven't Found What I'm Looking For’: Evidence of Directed Search from a Field Experiment*,Haoran He; David Neumark; Qian Weng,10.1093_ej_ueac066.pdf,
10.1093/ej/uead067,https://doi.org/10.1093/ej/uead067,EJ,2023,134,657,1,22,Helping Children Catch Up: Early Life Shocks and the PROGRESA Experiment,Achyuta Adhvaryu; Teresa Molina; Anant Nyshadham; Jorge Tamayo,10.1093_ej_uead067.pdf,
10.1093/ej/uead001,https://doi.org/10.1093/ej/uead001,EJ,2023,133,652,1348,1370,Long-Run Effects of Aid: Forecasts and Evidence from Sierra Leone,Katherine Casey; Rachel Glennerster; Edward Miguel; Maarten Voors,10.1093_ej_uead001.pdf,
10.1093/ej/uead115,https://doi.org/10.1093/ej/uead115,EJ,2023,134,660,1303,1330,Partisan Effects of Information Campaigns in Competitive Authoritarian Elections: Evidence from Bangladesh,Firoz Ahmed; Roland Hodler; Asad Islam,10.1093_ej_uead115.pdf,
10.1093/ej/uead099,https://doi.org/10.1093/ej/uead099,EJ,2023,134,659,959,984,The Limitations of Activity-Based Instruction to Improve the Productivity of Schooling,Andreas de Barros; Johanna Fajardo-González; Paul Glewwe; Ashwini Sankar,10.1093_ej_uead099.pdf,
10.1093/ej/ueae024,https://doi.org/10.1093/ej/ueae024,EJ,2024,134,662,2621,2637,Borrowing Constraints and Demand for Remedial Education: Evidence from Tanzania,Konrad Burchardi; Jonathan de Quidt; Selim Gulesci; Munshi Sulaiman,10.1093_ej_ueae024.pdf,
10.1093/ej/ueae012,https://doi.org/10.1093/ej/ueae012,EJ,2024,134,662,2321,2350,Bundling Genetic and Financial Technologies for More Resilient and Productive Small-Scale Farmers in Africa,Stephen R. Boucher; Michael R. Carter; Jon Einar Flatnes; Travis J. Lybbert; Jonathan Malacarne; Paswel P Mareyna; Laura A. Paul,10.1093_ej_ueae012.pdf,
10.1093/ej/ueae050,https://doi.org/10.1093/ej/ueae050,EJ,2024,134,664,3360,3389,Cash Versus Kind: Benchmarking a Child Nutrition Program Against Unconditional Cash Transfers in Rwanda,Craig McIntosh; Andrew Zeitlin,10.1093_ej_ueae050.pdf,
10.1093/ej/ueae053,https://doi.org/10.1093/ej/ueae053,EJ,2024,134,664,3063,3095,Demand for Commitment in Credit and Saving Contracts: A Field Experiment,Uzma Afzal; Giovanna D’Adda; Marcel Fafchamps; Simon Quinn; Farah Said,10.1093_ej_ueae053.pdf,
10.1093/ej/ueae003,https://doi.org/10.1093/ej/ueae003,EJ,2024,134,661,1985,2008,Experimental Evidence on Four Policies to Increase Learning at Scale,Annie Duflo; Jessica Kiessel; Adrienne Lucas,10.1093_ej_ueae003.pdf,
10.1093/ej/ueae077,https://doi.org/10.1093/ej/ueae077,EJ,2024,135,665,81,118,Healthcare Appointments as Commitment Devices,Laura Derksen; Jason Kerwin; Natalia Ordaz Reynoso; Olivier Sterck,10.1093_ej_ueae077.pdf,
10.1093/ej/ueae017,https://doi.org/10.1093/ej/ueae017,EJ,2024,134,661,2207,2223,Improving Administrative Data at Scale: Experimental Evidence on Digital Testing in Indian Schools,Abhijeet Singh,10.1093_ej_ueae017.pdf,
10.1093/ej/ueae025,https://doi.org/10.1093/ej/ueae025,EJ,2024,134,662,2558,2579,Kinship Taxation as an Impediment to Growth: Experimental Evidence from Kenyan Microenterprises,Munir Squires,10.1093_ej_ueae025.pdf,
10.1093/ej/ueae008,https://doi.org/10.1093/ej/ueae008,EJ,2024,134,661,1875,1913,Making Policies Matter: Voter Responses to Campaign Promises,Cesi Cruz; Philip Keefer; Julien Labonne; Francesco Trebbi,10.1093_ej_ueae008.pdf,
10.1093/ej/ueae014,https://doi.org/10.1093/ej/ueae014,EJ,2024,134,662,2418,2438,Telementoring and Homeschooling During School Closures: a Randomised Experiment in Rural Bangladesh,Hashibul Hassan; Asad Islam; Abu Siddique; Liang Choon Wang,10.1093_ej_ueae014.pdf,
10.1093/ej/ueae117,https://doi.org/10.1093/ej/ueae117,EJ,2024,135,669,1536,1574,To Defer or to Differ: Experimental Evidence on the Role of Cash Transfers in Nigerian Couples’ Decision-Making,M. Mehrab Bakhtiar; Marcel Fafchamps; Markus Goldstein; Kenneth L. Leonard; Sreelakshmi Papineni,10.1093_ej_ueae117.pdf,
10.1093/ej/ueaf047,https://doi.org/10.1093/ej/ueaf047,EJ,2025,135,672,2509,2530,Correlation Neglect on Social Media: Effects on Civil Service Applications in China,Yihong Huang; YIXI JIANG; Ziqi Lu,10.1093_ej_ueaf047.pdf,
10.1093/ej/ueaf042,https://doi.org/10.1093/ej/ueaf042,EJ,2025,136,673,207,231,Do capital grants improve microenterprise productivity?,Laurin Janes; Michael Koelle; Simon Quinn,10.1093_ej_ueaf042.pdf,
10.1093/ej/ueaf116,https://doi.org/10.1093/ej/ueaf116,EJ,2025,,,,,Give Me a Pass: Flexible Credit for Entrepreneurs in Colombia,Lasse Brune; Xavier Giné; Dean Karlan,10.1093_ej_ueaf116.pdf,
10.1093/ej/ueaf014,https://doi.org/10.1093/ej/ueaf014,EJ,2025,135,670,1923,1941,Scared Straight or Scared to Death? Fatalism in Response to Disease Risks,Jason Kerwin,10.1093_ej_ueaf014.pdf,
10.1093/ej/ueaf051,https://doi.org/10.1093/ej/ueaf051,EJ,2025,136,673,311,334,Towards an Understanding of Reference-Dependent Labour Supply: Theory and Evidence from a Field Experiment,Steffen Andersen; Alec Brandon; Uri Gneezy; John A. List,10.1093_ej_ueaf051.pdf,
10.1093/ej/ueaf122,https://doi.org/10.1093/ej/ueaf122,EJ,2025,,,,,Wheels of Change: Transforming Girls’ Lives with Bicycles,Nathan Fiala; Ana Garcia-Hernandez; Kritika Narula; Nishith Prakash,10.1093_ej_ueaf122.pdf,
10.1093/ej/ueaf046,https://doi.org/10.1093/ej/ueaf046,EJ,2025,136,673,26,60,When Information is Not Enough: Evidence from a Centralised School Choice System,Kehinde F. Ajayi; Willa Friedman; Adrienne Lucas,10.1093_ej_ueaf046.pdf,
10.1093/ej/ueaf009,https://doi.org/10.1093/ej/ueaf009,EJ,2025,135,670,2067,2082,"Yellow Pages: Information, connections and firm performance",Brian Dillon; Jenny C. Aker; Joshua Blumenstock,10.1093_ej_ueaf009.pdf,
10.1016/j.jdeveco.2021.102674,https://doi.org/10.1016/j.jdeveco.2021.102674,JDE,2021,151,,102674,102674,A breath of fresh air: Raising awareness for clean fuel adoption,Farzana Afridi; Sisir Debnath; E. Somanathan,10.1016_j.jdeveco.2021.102674.pdf,
10.1016/j.jdeveco.2021.102716,https://doi.org/10.1016/j.jdeveco.2021.102716,JDE,2021,153,,102716,102716,Can youth empowerment programs reduce violence against girls during the COVID-19 pandemic?,Selim Gulesci; Manuela Puente–Beccar; Diego Ubfal,10.1016_j.jdeveco.2021.102716.pdf,
10.1016/j.jdeveco.2021.102751,https://doi.org/10.1016/j.jdeveco.2021.102751,JDE,2021,154,,102751,102751,Cheap talk and coordination in the lab and in the field: Collective commercialization in Senegal,Kodjo Aflagah; Tanguy Bernard; Angelino Viceisza,10.1016_j.jdeveco.2021.102751.pdf,
10.1016/j.jdeveco.2021.102737,https://doi.org/10.1016/j.jdeveco.2021.102737,JDE,2021,153,,102737,102737,Environmental effects of development programs: Experimental evidence from West African dryland forests,Simon Heß; Dany Jaimovich; Matthias Schündeln,10.1016_j.jdeveco.2021.102737.pdf,
10.1016/j.jdeveco.2021.102776,https://doi.org/10.1016/j.jdeveco.2021.102776,JDE,2021,155,,102776,102776,How light is too light touch: The effect of a short training-based intervention on household poultry production in Burkina Faso,Jessica Leight; Josué Awonon; Abdoulaye Pedehombga; Rasmané Ganaba; Aulo Gelli,10.1016_j.jdeveco.2021.102776.pdf,
10.1016/j.jdeveco.2021.102780,https://doi.org/10.1016/j.jdeveco.2021.102780,JDE,2021,155,,102780,102780,Social protection amidst social upheaval: Examining the impact of a multi-faceted program for ultra-poor households in Yemen,Lasse Brune; Dean Karlan; Sikandra Kurdi; Christopher Udry,10.1016_j.jdeveco.2021.102780.pdf,
10.1016/j.jdeveco.2021.102747,https://doi.org/10.1016/j.jdeveco.2021.102747,JDE,2021,153,,102747,102747,Texts don’t nudge: An adaptive trial to prevent the spread of COVID-19 in India,Girija Bahety; Sebastian Bauhoff; Dev Patel; James S. Potter,10.1016_j.jdeveco.2021.102747.pdf,
10.1016/j.jdeveco.2021.102745,https://doi.org/10.1016/j.jdeveco.2021.102745,JDE,2021,153,,102745,102745,The power to protect: Household bargaining and female condom use,Rachel Cassidy; Marije Groot Bruinderink; Wendy Janssens; Karlijn Morsink,10.1016_j.jdeveco.2021.102745.pdf,
10.1016/j.jdeveco.2021.102753,https://doi.org/10.1016/j.jdeveco.2021.102753,JDE,2021,154,,102753,102753,Welfare effects of an in-kind transfer program: Evidence from Mexico,Federico Tagliati,10.1016_j.jdeveco.2021.102753.pdf,
10.1016/j.jdeveco.2022.102984,https://doi.org/10.1016/j.jdeveco.2022.102984,JDE,2022,159,,102984,102984,A behavioral intervention to increase preschool attendance in Uruguay,Nicolás Ajzenman; Laura Becerra Luna; Juan Manuel Hernández-Agramonte; Florencia López Bóo; Marcelo Pérez Alfaro; Alejandro Vásquez‐Echeverría; Mercedes Mateo Díaz,10.1016_j.jdeveco.2022.102984.pdf,
10.1016/j.jdeveco.2022.102921,https://doi.org/10.1016/j.jdeveco.2022.102921,JDE,2022,158,,102921,102921,"Behavioral change promotion, cash transfers and early childhood development: Experimental evidence from a government program in a low-income setting",Patrick Prémand; Oumar Barry,10.1016_j.jdeveco.2022.102921.pdf,
10.1016/j.jdeveco.2022.102987,https://doi.org/10.1016/j.jdeveco.2022.102987,JDE,2022,159,,102987,102987,Can information correct optimistic wage expectations? Evidence from Mozambican job-seekers,Sam Jones; Ricardo Santos,10.1016_j.jdeveco.2022.102987.pdf,
10.1016/j.jdeveco.2022.102929,https://doi.org/10.1016/j.jdeveco.2022.102929,JDE,2022,158,,102929,102929,Cash transfers as a response to COVID-19: Experimental evidence from Kenya,Wyatt Brooks; Kevin Donovan; Terence Johnson; Jackline Oluoch-Aridi,10.1016_j.jdeveco.2022.102929.pdf,
10.1016/j.jdeveco.2022.102896,https://doi.org/10.1016/j.jdeveco.2022.102896,JDE,2022,158,,102896,102896,Evaluating the distributive effects of a micro-credit intervention,Pushkar Maitra; Sandip Mitra; Dilip Mookherjee; Sujata Visaria,10.1016_j.jdeveco.2022.102896.pdf,
10.1016/j.jdeveco.2022.102820,https://doi.org/10.1016/j.jdeveco.2022.102820,JDE,2022,156,,102820,102820,Heterogenous teacher effects of two incentive schemes: Evidence from a low-income country,Felipe Barrera‐Osorio; Jacobus Cilliers; Marie-Hélène Cloutier; Deon Filmer,10.1016_j.jdeveco.2022.102820.pdf,
10.1016/j.jdeveco.2021.102807,https://doi.org/10.1016/j.jdeveco.2021.102807,JDE,2022,156,,102807,102807,Impacts of industrial and entrepreneurial jobs on youth: 5-year experimental evidence on factory job offers and cash grants in Ethiopia,Christopher Blattman; Stefan Dercon; Simon Franklin,10.1016_j.jdeveco.2021.102807.pdf,
10.1016/j.jdeveco.2022.102958,https://doi.org/10.1016/j.jdeveco.2022.102958,JDE,2022,160,,102958,102958,"Knowledge, stigma, and HIV testing: An analysis of a widespread HIV/AIDS program",Dean Yang; James E. Allen; Arlete Mahumane; James Riddell; Hang Yu,10.1016_j.jdeveco.2022.102958.pdf,
10.1016/j.jdeveco.2022.102959,https://doi.org/10.1016/j.jdeveco.2022.102959,JDE,2022,160,,102959,102959,Locking crops to unlock investment: Experimental evidence on warrantage in Burkina Faso,Clara Delavallade; Susan Godlonton,10.1016_j.jdeveco.2022.102959.pdf,
10.1016/j.jdeveco.2022.102993,https://doi.org/10.1016/j.jdeveco.2022.102993,JDE,2022,159,,102993,102993,Love in the time of HIV: How beliefs about externalities impact health behavior,Laura Derksen; Adamson S. Muula; Joep van Oosterhout,10.1016_j.jdeveco.2022.102993.pdf,
10.1016/j.jdeveco.2022.102995,https://doi.org/10.1016/j.jdeveco.2022.102995,JDE,2022,160,,102995,102995,Motivating bureaucrats with behavioral insights when state capacity is weak: Evidence from large-scale field experiments in Peru,Andrew Dustan; Juan Manuel Hernández-Agramonte; Stanislao Maldonado,10.1016_j.jdeveco.2022.102995.pdf,
10.1016/j.jdeveco.2022.102999,https://doi.org/10.1016/j.jdeveco.2022.102999,JDE,2022,161,,102999,102999,No bulls: Experimental evidence on the impact of veterinarian ratings in Pakistan,Syed Ali Hasanain; Muhammad Yasir Khan; Arman Rezaee,10.1016_j.jdeveco.2022.102999.pdf,
10.1016/j.jdeveco.2022.102976,https://doi.org/10.1016/j.jdeveco.2022.102976,JDE,2022,160,,102976,102976,Persuading voters to punish corrupt vote-buying candidates: Experimental evidence from a large-scale radio campaign in India,Laura Schechter; Srinivasan Vasudevan,10.1016_j.jdeveco.2022.102976.pdf,
10.1016/j.jdeveco.2022.103034,https://doi.org/10.1016/j.jdeveco.2022.103034,JDE,2022,163,,103034,103034,"Pumps, prosperity and household power: Experimental evidence on irrigation pumps and smallholder farmers in Kenya",Julian Dyer; Jeremy Shapiro,10.1016_j.jdeveco.2022.103034.pdf,
10.1016/j.jdeveco.2022.103035,https://doi.org/10.1016/j.jdeveco.2022.103035,JDE,2022,161,,103035,103035,Social stigma as a barrier to HIV testing: Evidence from a randomized experiment in Mozambique,Hang Yu,10.1016_j.jdeveco.2022.103035.pdf,
10.1016/j.jdeveco.2022.102911,https://doi.org/10.1016/j.jdeveco.2022.102911,JDE,2022,158,,102911,102911,Targeting in tax behavior: Evidence from Rwandan firms,Gabriel Tourek,10.1016_j.jdeveco.2022.102911.pdf,
10.1016/j.jdeveco.2022.102942,https://doi.org/10.1016/j.jdeveco.2022.102942,JDE,2022,160,,102942,102942,The short-lived effects of unconditional cash transfers to refugees,Onur Altındağ; Stephen D. O’Connell,10.1016_j.jdeveco.2022.102942.pdf,
10.1016/j.jdeveco.2022.102920,https://doi.org/10.1016/j.jdeveco.2022.102920,JDE,2022,158,,102920,102920,Trouble with zero: The limits of subsidizing technology adoption,Pallavi Shukla; Hemant Pullabhotla; Kathy Baylis,10.1016_j.jdeveco.2022.102920.pdf,
10.1016/j.jdeveco.2022.102981,https://doi.org/10.1016/j.jdeveco.2022.102981,JDE,2022,159,,102981,102981,Trust and saving in financial institutions by the poor,Sebastián Galiani; Paul Gertler; Camila Navajas-Ahumada,10.1016_j.jdeveco.2022.102981.pdf,
10.1016/j.jdeveco.2022.102933,https://doi.org/10.1016/j.jdeveco.2022.102933,JDE,2022,158,,102933,102933,When nature calls back: Sustaining behavioral change in rural Pakistan,Britta Augsburg; Antonella Bancalari; Zara Durrani; Madhav Vaidyanathan; Zach White,10.1016_j.jdeveco.2022.102933.pdf,
10.1016/j.jdeveco.2022.102893,https://doi.org/10.1016/j.jdeveco.2022.102893,JDE,2022,158,,102893,102893,When student incentives do not work: Evidence from a field experiment in Malawi,James Berry; Hyuncheol Bryant Kim; Hyuk Harry Son,10.1016_j.jdeveco.2022.102893.pdf,
10.1016/j.jdeveco.2022.102915,https://doi.org/10.1016/j.jdeveco.2022.102915,JDE,2022,158,,102915,102915,Women’s use of family planning services: An experiment on the husband’s involvement,Ben D’Exelle; Charlotte Ringdal,10.1016_j.jdeveco.2022.102915.pdf,
10.1016/j.jdeveco.2023.103182,https://doi.org/10.1016/j.jdeveco.2023.103182,JDE,2023,166,,103182,103182,Asset transfers and anti-poverty programs: Experimental evidence from Tanzania,Sarah Baird; Craig McIntosh; Berk Özler; Utz Johann Pape,10.1016_j.jdeveco.2023.103182.pdf,
10.1016/j.jdeveco.2023.103147,https://doi.org/10.1016/j.jdeveco.2023.103147,JDE,2023,165,,103147,103147,Can you spot a scam? Measuring and improving scam identification ability,Elif Kubilay; Eva Raiber; Lisa Spantig; Jana Cahlíková; Lucy Kaaria,10.1016_j.jdeveco.2023.103147.pdf,
10.1016/j.jdeveco.2023.103108,https://doi.org/10.1016/j.jdeveco.2023.103108,JDE,2023,163,,103108,103108,Countering misinformation on social media through educational interventions: Evidence from a randomized experiment in Pakistan,Ayesha Ali; Ihsan Ayyub Qazi,10.1016_j.jdeveco.2023.103108.pdf,
10.1016/j.jdeveco.2023.103242,https://doi.org/10.1016/j.jdeveco.2023.103242,JDE,2023,167,,103242,103242,Estimating seed demand in the presence of market frictions: Evidence from an auction experiment in Nigeria,Tesfamicheal Wossen; David J. Spielman; Arega D. Alene; Tahirou Abdoulaye,10.1016_j.jdeveco.2023.103242.pdf,
10.1016/j.jdeveco.2022.103043,https://doi.org/10.1016/j.jdeveco.2022.103043,JDE,2023,162,,103043,103043,Federal and state audits do not increase compliance with a grant program to improve municipal infrastructure: A pre-registered field experiment,Ana L. De La O; Pablo Fernández-Vázquez; Fernando Martel García,10.1016_j.jdeveco.2022.103043.pdf,
10.1016/j.jdeveco.2023.103134,https://doi.org/10.1016/j.jdeveco.2023.103134,JDE,2023,164,,103134,103134,Fertility and polygyny: Experimental evidence from Burkina Faso,Ben D’Exelle; Aurélia Lépine; Richard Bakyono; Ludovic Deo Gracias Tapsoba,10.1016_j.jdeveco.2023.103134.pdf,
10.1016/j.jdeveco.2023.103181,https://doi.org/10.1016/j.jdeveco.2023.103181,JDE,2023,166,,103181,103181,Helping families help themselves: The (Un)intended impacts of a digital parenting program,Sofia Amaral; Lelys Dinarte-Diaz; Patricio Domínguez; Santiago M. Perez‐Vincent,10.1016_j.jdeveco.2023.103181.pdf,
10.1016/j.jdeveco.2023.103176,https://doi.org/10.1016/j.jdeveco.2023.103176,JDE,2023,166,,103176,103176,How do digital platforms affect employment and job search? Evidence from India,Erin Kelley; Christopher Ksoll; Jeremy Magruder,10.1016_j.jdeveco.2023.103176.pdf,
10.1016/j.jdeveco.2023.103215,https://doi.org/10.1016/j.jdeveco.2023.103215,JDE,2023,167,,103215,103215,Human capital affects religious identity: Causal evidence from Kenya,Livia Alfonsi; Michal Bauer; Julie Chytilová; Edward Miguel,10.1016_j.jdeveco.2023.103215.pdf,
10.1016/j.jdeveco.2023.103174,https://doi.org/10.1016/j.jdeveco.2023.103174,JDE,2023,166,,103174,103174,Improved menstrual health and the workplace: An RCT with female Bangladeshi garment workers,Kristina Czura; Andreas Menzel; Martina Miotto,10.1016_j.jdeveco.2023.103174.pdf,
10.1016/j.jdeveco.2023.103195,https://doi.org/10.1016/j.jdeveco.2023.103195,JDE,2023,166,,103195,103195,Information and behavior: Evidence from fertilizer quantity recommendations in Bangladesh,Sabrin Beg; Mahnaz Islam; Khandker Wahedur Rahman,10.1016_j.jdeveco.2023.103195.pdf,
10.1016/j.jdeveco.2023.103096,https://doi.org/10.1016/j.jdeveco.2023.103096,JDE,2023,163,,103096,103096,Motivating volunteer health workers in an African capital city,Mattia Fracchia; Teresa Molina-Millán; Pedro C. Vicente,10.1016_j.jdeveco.2023.103096.pdf,
10.1016/j.jdeveco.2023.103146,https://doi.org/10.1016/j.jdeveco.2023.103146,JDE,2023,164,,103146,103146,Multifaceted programs targeting women in fragile settings: Evidence from the Democratic Republic of Congo,Manuela Angelucci; Rachel Heath; Eva Noble,10.1016_j.jdeveco.2023.103146.pdf,
10.1016/j.jdeveco.2023.103072,https://doi.org/10.1016/j.jdeveco.2023.103072,JDE,2023,162,,103072,103072,Social and financial incentives for overcoming a collective action problem,M. Mehrab Bakhtiar; Raymond Guiteras; James Levinsohn; Ahmed Mushfiq Mobarak,10.1016_j.jdeveco.2023.103072.pdf,
10.1016/j.jdeveco.2023.103074,https://doi.org/10.1016/j.jdeveco.2023.103074,JDE,2023,162,,103074,103074,To invest or not to invest in sanitation: The role of intra-household gender differences in perceptions and bargaining power,Britta Augsburg; Bansi Malde; Harriet Olorenshaw; Zaki Wahhaj,10.1016_j.jdeveco.2023.103074.pdf,
10.1016/j.jdeveco.2023.103244,https://doi.org/10.1016/j.jdeveco.2023.103244,JDE,2023,167,,103244,103244,Training microentrepreneurs over Zoom: Experimental evidence from Mexico,Elwyn Davies; Peter Deffebach; Leonardo Iacovone; David McKenzie,10.1016_j.jdeveco.2023.103244.pdf,
10.1016/j.jdeveco.2023.103082,https://doi.org/10.1016/j.jdeveco.2023.103082,JDE,2023,163,,103082,103082,"Transparency, governance, and water and sanitation: Experimental evidence from schools in rural Bangladesh",Umrbek Allakulov; Serena Cocciolo; Binayak Das; Md. Ahasan Habib; Lovisa Rambjer; Anna Tompsett,10.1016_j.jdeveco.2023.103082.pdf,
10.1016/j.jdeveco.2023.103098,https://doi.org/10.1016/j.jdeveco.2023.103098,JDE,2023,163,,103098,103098,"Uptake, use, and impact of Islamic savings: Evidence from a field experiment in Pakistan",Syedah Ahmad; Robert Lensink; Annika Mueller,10.1016_j.jdeveco.2023.103098.pdf,
10.1016/j.jdeveco.2023.103169,https://doi.org/10.1016/j.jdeveco.2023.103169,JDE,2023,165,,103169,103169,With or without him? Experimental evidence on cash grants and gender-sensitive trainings in Tunisia,Jules Gazeaud; Nausheen Khan; Eric Mvukiyehe; Olivier Sterck,10.1016_j.jdeveco.2023.103169.pdf,
10.1016/j.jdeveco.2024.103317,https://doi.org/10.1016/j.jdeveco.2024.103317,JDE,2024,170,,103317,103317,Altruism in governance: Insights from randomized training for Pakistan's junior ministers,Sultan Mehmood; Shaheen Naseer; Daniel L. Chen,10.1016_j.jdeveco.2024.103317.pdf,
10.1016/j.jdeveco.2024.103330,https://doi.org/10.1016/j.jdeveco.2024.103330,JDE,2024,171,,103330,103330,How important are matching frictions in the labor market? Experimental &amp; non-experimental evidence from a large Indian firm,Abhijit V. Banerjee; Gaurav Chiplunkar,10.1016_j.jdeveco.2024.103330.pdf,
10.1016/j.jdeveco.2024.103320,https://doi.org/10.1016/j.jdeveco.2024.103320,JDE,2024,171,,103320,103320,In-group competition for incentives,Michael Olabisi; Mywish K. Maredia; Jinpei Liu; Toyin Benedict Ajibade; H A Ajeigbe,10.1016_j.jdeveco.2024.103320.pdf,
10.1016/j.jdeveco.2024.103305,https://doi.org/10.1016/j.jdeveco.2024.103305,JDE,2024,170,,103305,103305,Information and immigrant settlement,Toman Barsbai; Victoria Licuanan; Andreas Steinmayr; Erwin Tiongson; Dean Yang,10.1016_j.jdeveco.2024.103305.pdf,
10.1016/j.jdeveco.2024.103311,https://doi.org/10.1016/j.jdeveco.2024.103311,JDE,2024,171,,103311,103311,"Information frictions, belief updating and internal migration: Evidence from Ghana and Uganda",Sarah Frohnweiler; Bernd Beber; Cara Ebert,10.1016_j.jdeveco.2024.103311.pdf,
10.1016/j.jdeveco.2024.103295,https://doi.org/10.1016/j.jdeveco.2024.103295,JDE,2024,170,,103295,103295,"Is the glass half full or half empty? Examining the impact of Swatch Bharat interventions on sanitation and hygiene in rural Punjab, India",Saubhik Deb; George Joseph; Luis Andrés; Jonathan Grabinsky Zabludovsky,10.1016_j.jdeveco.2024.103295.pdf,
10.1016/j.jdeveco.2025.103545,https://doi.org/10.1016/j.jdeveco.2025.103545,JDE,2025,177,,103545,103545,Improving school leadership in Rwanda,Simeon Lauterbach; Lee Crawfurd; Jocelyne C. Kirezi; Aimable Nsabimana; Jef Peeraer,10.1016_j.jdeveco.2025.103545.pdf,
10.1016/j.jdeveco.2025.103454,https://doi.org/10.1016/j.jdeveco.2025.103454,JDE,2025,174,,103454,103454,In search of the holy grail: Post-intervention effects of an unconditional cash transfer program in Zambia,Sudhanshu Handa; Gelson Tembo; Luisa Natali; Averi Chakrabarti,10.1016_j.jdeveco.2025.103454.pdf,
10.1016/j.jdeveco.2025.103679,https://doi.org/10.1016/j.jdeveco.2025.103679,JDE,2025,180,,103679,103679,Large firms and the intensive margin of labor informality evidence from an enforcement intervention in Peru,Mariano Bosch; Guillermo Cruces; Stephanie González; María Teresa Silva Porto,10.1016_j.jdeveco.2025.103679.pdf,
10.1016/j.jdeveco.2025.103578,https://doi.org/10.1016/j.jdeveco.2025.103578,JDE,2025,178,,103578,103578,The effect of teacher training and community literacy programming on teacher and student outcomes,Feliciano Chimbutane; Naureen Karachiwalla; Catalina Herrera‐Almanza; Jessica Leight; Carlos Lauchande,10.1016_j.jdeveco.2025.103578.pdf,
10.1093/jeea/jvab053,https://doi.org/10.1093/jeea/jvab053,JEEA,2021,20,3,957,1000,Can Good Products Drive Out Bad? A Randomized Intervention in the Antimalarial Medicine Market in Uganda,Martina Björkman Nyqvist; Jakob Svensson; David Yanagizawa-Drott,10.1093_jeea_jvab053.pdf,
10.1093/jeea/jvac015,https://doi.org/10.1093/jeea/jvac015,JEEA,2022,20,4,1433,1477,Priors Rule: When Do Malfeasance Revelations Help Or Hurt Incumbent Parties?,Eric Arias; Horacio Larreguy; John Marshall; Pablo Querubín,10.1093_jeea_jvac015.pdf,
10.1093/jeea/jvad067,https://doi.org/10.1093/jeea/jvad067,JEEA,2023,22,2,781,836,An Adaptive Targeted Field Experiment: Job Search Assistance for Refugees in Jordan,Stefano Caria; Grant Gordon; Maximilian Kasy; Simon Quinn; Soha Shami; Alexander Teytelboym,10.1093_jeea_jvad067.pdf,
10.1093/jeea/jvae011,https://doi.org/10.1093/jeea/jvae011,JEEA,2024,22,4,1678,1722,"Mass Political Information on Social Media: Facebook Ads, Electorate Saturation, and Electoral Accountability in Mexico",José Ramón Enríquez; Horacio Larreguy; John Marshall; Alberto Simpser,10.1093_jeea_jvae011.pdf,
10.1093/jeea/jvaf052,https://doi.org/10.1093/jeea/jvaf052,JEEA,2025,24,1,82,121,<i>Marshall Lecture 2025:</i> Political Information and Network Effects,Georgy Egorov; Sergei Guriev; Maxim Mironov; Ekaterina Zhuravskaya,10.1093_jeea_jvaf052.pdf,
10.1093/jeea/jvaf012,https://doi.org/10.1093/jeea/jvaf012,JEEA,2025,23,5,1950,2002,Cost and Benefits of Climate Change Adaptation Policies: Evidence from an RCT and Extreme Flooding in Pakistan,Alexandra Avdeenko; Markus Frölich,10.1093_jeea_jvaf012.pdf,
10.1086/717891,https://doi.org/10.1086/717891,JPE,2021,130,3,766,822,How Much Does Your Boss Make? The Effects of Salary Comparisons,Zoë Cullen; Ricardo Pérez-Truglia,10.1086_717891.pdf,
10.1086/720466,https://doi.org/10.1086/720466,JPE,2022,130,11,2862,2897,Poor and Rational: Decision-Making under Scarcity,Dietmar Fehr; Günther Fink; B. Kelsey Jack,10.1086_720466.pdf,
10.1086/728109,https://doi.org/10.1086/728109,JPE,2023,132,5,1565,1602,Augmenting State Capacity for Child Development: Experimental Evidence from India,Alejandro Ganimian; Karthik Muralidharan; Christopher R. Walters,10.1086_728109.pdf,
10.1086/727288,https://doi.org/10.1086/727288,JPE,2023,132,4,1113,1161,Impacts of a Large-Scale Parenting Program: Experimental Evidence from Chile,Pedro Carneiro; Emanuela Galasso; Italo López García; Paula Bedregal; Miguel Cordero,10.1086_727288.pdf,
10.1086/726237,https://doi.org/10.1086/726237,JPE,2023,132,1,248,294,Investing with the Government: A Field Experiment in China,Emanuele Colonnelli; Li Bo; Ernest Liu,10.1086_726237.pdf,
10.1086/728744,https://doi.org/10.1086/728744,JPE,2023,132,7,2304,2345,Preschool Quality and Child Development,Alison Andrew; Orazio Attanasio; Raquel Bernal; Lina Cardona‐Sosa; Sonya Krutikova; Marta Rubio‐Codina,10.1086_728744.pdf,
10.1086/724320,https://doi.org/10.1086/724320,JPE,2023,131,8,2165,2208,Returns to On-the-Job Soft Skills Training,Achyuta Adhvaryu; Namrata Kala; Anant Nyshadham,10.1086_724320.pdf,
10.1086/732886,https://doi.org/10.1086/732886,JPE,2024,133,2,455,491,Enhancing Human Capital in Children: A Case Study on Scaling,Francesco Agostinelli; Ciro Avitabile; Matteo Bobba,10.1086_732886.pdf,
10.1086/734133,https://doi.org/10.1086/734133,JPE,2024,133,5,1460,1496,Misconduct and Reputation under Imperfect Information,Francis Annan,10.1086_734133.pdf,
10.1086/736209,https://doi.org/10.1086/736209,JPE,2025,133,9,2874,2917,Can Redistribution Change Policy Views? Aid and Attitudes toward Refugees,Travis Baseler; Thomas C. Ginn; Robert Hakiza; Helidah Ogude-Chambert; Olivia Woldemikael,10.1086_736209.pdf,
10.1086/736212,https://doi.org/10.1086/736212,JPE,2025,133,10,3249,3304,Religious Divisions and Production Technology: Experimental Evidence from India,Arkadev Ghosh,10.1086_736212.pdf,
10.1086/735511,https://doi.org/10.1086/735511,JPE,2025,133,8,2506,2562,The Allocation of Incentives in Multilayered Organizations: Evidence from a Community Health Program in Sierra Leone,Erika Deserranno; A. Stefano Caria; Philipp Kastrau; Gianmarco León,10.1086_735511.pdf,
10.1093/qje/qjab029,https://doi.org/10.1093/qje/qjab029,QJE,2021,136,4,2195,2242,The Allocation of Authority in Organizations: A Field Experiment with Bureaucrats,Oriana Bandiera; Michael Best; Adnan Khan; Andrea Prat,10.1093_qje_qjab029.pdf,
10.1093/qje/qjab045,https://doi.org/10.1093/qje/qjab045,QJE,2021,137,2,785,844,Why Do People Stay Poor?,Clare Balboni; Oriana Bandiera; Robin Burgess; Maitreesh Ghatak; Anton Heil,10.1093_qje_qjab045.pdf,
10.1093/qje/qjac019,https://doi.org/10.1093/qje/qjac019,QJE,2022,137,4,2459,2497,Improving Management Through Worker Evaluations: Evidence from Auto Manufacturing,Jing Cai; Shing-Yi Wang,10.1093_qje_qjac019.pdf,
10.1093/qje/qjac034,https://doi.org/10.1093/qje/qjac034,QJE,2022,138,1,151,203,Improving Workplace Climate in Large Corporations: A Clustered Randomized Intervention,Şule Alan; Gözde Çörekçioğlu; Matthias Sutter,10.1093_qje_qjac034.pdf,
10.1093/qje/qjae043,https://doi.org/10.1093/qje/qjae043,QJE,2024,140,2,943,1002,Cognitive Endurance as Human Capital,Christina M. Brown; Supreet Kaur; Geeta Kingdon; Heather Schofield,10.1093_qje_qjae043.pdf,
10.1093/qje/qjae003,https://doi.org/10.1093/qje/qjae003,QJE,2024,139,3,1713,1766,Digital Collateral,Paul Gertler; Brett Green; Catherine Wolfram,10.1093_qje_qjae003.pdf,
10.1093/qje/qjae038,https://doi.org/10.1093/qje/qjae038,QJE,2024,140,1,635,689,Do Financial Concerns Make Workers Less Productive?,Supreet Kaur; Sendhil Mullainathan; Suanna Oh; Frank Schilbach,10.1093_qje_qjae038.pdf,
10.1093/qje/qjae018,https://doi.org/10.1093/qje/qjae018,QJE,2024,139,4,2475,2523,Using Divide-and-Conquer to Improve Tax Collection,Samuel Kapon; Lucía Del Carpio; Sylvain Chassang,10.1093_qje_qjae018.pdf,
10.1093/qje/qjaf009,https://doi.org/10.1093/qje/qjaf009,QJE,2025,140,2,1003,1060,Can Pollution Markets Work in Developing Countries? Experimental Evidence from India,Michael Greenstone; Rohini Pande; Nicholas Ryan; Anant Sudarshan,10.1093_qje_qjaf009.pdf,
10.1093/qje/qjaf026,https://doi.org/10.1093/qje/qjaf026,QJE,2025,140,4,3191,3231,Sexual Harassment in Public Spaces and Police Patrols: Experimental Evidence from Urban India,Sofia Amaral; Girija Borker; Nathan Fiala; Anjani Kumar; Nishith Prakash; María Micaela Sviatschi,10.1093_qje_qjaf026.pdf,
10.1093/restud/rdab005,https://doi.org/10.1093/restud/rdab005,RES,2021,89,1,346,371,Improving Management with Individual and Group-Based Consulting: Results from a Randomized Experiment in Colombia,Leonardo Iacovone; William Maloney; David McKenzie,10.1093_restud_rdab005.pdf,
10.1093/restud/rdab021,https://doi.org/10.1093/restud/rdab021,RES,2021,89,1,452,480,Migration and Informal Insurance: Evidence from a Randomized Controlled Trial and a Structural Model,Costas Meghir; Ahmed Mushfiq Mobarak; Corina Mommaerts; Melanie Morten,10.1093_restud_rdab021.pdf,
10.1093/restud/rdad026,https://doi.org/10.1093/restud/rdad026,RES,2023,90,6,3153,3185,"Credit Access, Selection, and Incentives in a Market for Asset-Collateralized Loans: Evidence From Kenya",William Jack; Michael Kremer; Joost de Laat; Tavneet Suri,10.1093_restud_rdad026.pdf,
10.1093/restud/rdae112,https://doi.org/10.1093/restud/rdae112,RES,2024,92,6,3504,3540,Consumer Surplus of Alternative Payment Methods,Fernando Álvarez; David Argente,10.1093_restud_rdae112.pdf,
10.1093/restud/rdae026,https://doi.org/10.1093/restud/rdae026,RES,2024,92,1,339,364,Good Politicians: Experimental Evidence on Motivations for Political Candidacy and Government Performance,Saad Gulzar; Muhammad Yasir Khan,10.1093_restud_rdae026.pdf,
10.1093/restud/rdae003,https://doi.org/10.1093/restud/rdae003,RES,2024,91,6,3677,3711,Information and Bargaining through Agents: Experimental Evidence from Mexico’s Labour Courts,Joyce Sadka; Enrique Seira; Christopher Woodruff,10.1093_restud_rdae003.pdf,
10.1093/restud/rdae074,https://doi.org/10.1093/restud/rdae074,RES,2024,92,3,1773,1800,Optimal Pricing of a New Utility Service: The Case of Piped Water in Vietnam,Quy‐Toan Do; Hanan G. Jacoby,10.1093_restud_rdae074.pdf,
10.1093/restud/rdae024,https://doi.org/10.1093/restud/rdae024,RES,2024,92,1,129,161,Private Sector Provision as an “Escape Valve”: The Mexico Diabetes Experiment,Ari Bronsoler; Jonathan Gruber; Enrique Seira,10.1093_restud_rdae024.pdf,
10.1093/restud/rdaf079,https://doi.org/10.1093/restud/rdaf079,RES,2025,,,,,"Contract Terms, Employment Shocks, and Default in Credit Cards",Sara G. Castellanos; Diego Jiménez-Hernández; Aprajit Mahajan; Eduardo Alcaraz Prous; Enrique Seira,10.1093_restud_rdaf079.pdf,
10.1093/restud/rdaf026,https://doi.org/10.1093/restud/rdaf026,RES,2025,93,1,438,475,Creating Cohesive Communities: A Youth Camp Experiment in India,Arkadev Ghosh; Prerna Kundu; Matt Lowe; Gareth Nellis,10.1093_restud_rdaf026.pdf,
10.1093/restud/rdaf006,https://doi.org/10.1093/restud/rdaf006,RES,2025,92,6,3574,3610,"Melons as Lemons: Asymmetric Information, Consumer Learning and Seller Reputation",Jie Bai,10.1093_restud_rdaf006.pdf,
10.1162/rest_a_01074,https://doi.org/10.1162/rest_a_01074,RESTAT,2021,105,4,852,866,Advancing the Agency of Adolescent Girls,Eric V. Edmonds; Ben Feigenberg; Jessica Leight,10.1162_rest_a_01074.pdf,
10.1162/rest_a_01041,https://doi.org/10.1162/rest_a_01041,RESTAT,2021,105,1,143,157,Cash Transfers and Migration: Theory and Evidence from a Randomized Controlled Trial,Jules Gazeaud; Eric Mvukiyehe; Olivier Sterck,10.1162_rest_a_01041.pdf,
10.1162/rest_a_01061,https://doi.org/10.1162/rest_a_01061,RESTAT,2021,105,2,327,343,"Cash Transfers, Food Prices, and Nutrition Impacts on Ineligible Children",Deon Filmer; Jed Friedman; Eeshani Kandpal; Junko Onishi,10.1162_rest_a_01061.pdf,
10.1162/rest_a_01093,https://doi.org/10.1162/rest_a_01093,RESTAT,2021,105,4,818,832,Cognitive Biases: Mistakes or Missing Stakes?,Benjamin Enke; Uri Gneezy; Brian J. Hall; David C. Martin; Vadim Nelidov; Theo Offerman; Jeroen van de Ven,10.1162_rest_a_01093.pdf,
10.1162/rest_a_01086,https://doi.org/10.1162/rest_a_01086,RESTAT,2021,105,4,833,851,Saving for Multiple Financial Needs: Evidence from Lockboxes and Mobile Money in Malawi,Shilpa Aggarwal; Valentina Brailovskaya; Jonathan Robinson,10.1162_rest_a_01086.pdf,
10.1162/rest_a_01082,https://doi.org/10.1162/rest_a_01082,RESTAT,2021,105,2,311,326,Skill Versus Voice in Local Development,Katherine Casey; Rachel Glennerster; Edward Miguel; Maarten Voors,10.1162_rest_a_01082.pdf,
10.1162/rest_a_01043,https://doi.org/10.1162/rest_a_01043,RESTAT,2021,104,1,157,165,The Impact of Emergency Cash Assistance in a Pandemic: Experimental Evidence from Colombia,Juliana Londoño-Vélez; Pablo Querubín,10.1162_rest_a_01043.pdf,
10.1162/rest_a_01135,https://doi.org/10.1162/rest_a_01135,RESTAT,2021,105,6,1379,1393,The Impact of Short-Term Employment for Low-Income Youth: Experimental Evidence from the Philippines,Emily Beam; Stella Quimbo,10.1162_rest_a_01135.pdf,
10.1162/rest_a_01247,https://doi.org/10.1162/rest_a_01247,RESTAT,2022,107,1,188,203,Ask a Local: Improving the Public Pricing of Land Titles in Urban Tanzania,Martina Manara; Tanner Regan,10.1162_rest_a_01247.pdf,
10.1162/rest_a_01217,https://doi.org/10.1162/rest_a_01217,RESTAT,2022,106,6,1690,1708,NGOs and the Effectiveness of Interventions,Faraz Usmani; Marc Jeuland; Subhrendu K. Pattanayak,10.1162_rest_a_01217.pdf,
10.1162/rest_a_01182,https://doi.org/10.1162/rest_a_01182,RESTAT,2022,106,3,638,654,Raising Health Awareness in Rural Communities: A Randomized Experiment in Bangladesh and India,Abu Siddique; Tabassum Rahman; Debayan Pakrashi; Asad Islam; Firoz Ahmed,10.1162_rest_a_01182.pdf,
10.1162/rest_a_01219,https://doi.org/10.1162/rest_a_01219,RESTAT,2022,106,5,1352,1368,Skeptical Employers: Experimental Evidence on Biased Beliefs Constraining Firm Growth,Stefano Caria; Paolo Falco,10.1162_rest_a_01219.pdf,
10.1162/rest_a_01379,https://doi.org/10.1162/rest_a_01379,RESTAT,2023,107,5,1215,1232,Financing Municipal Water and Sanitation Services in Nairobi’s Informal Settlements,Aidan Coville; Sebastián Galiani; Paul Gertler; Susumu Yoshida,10.1162_rest_a_01379.pdf,
10.1162/rest_a_01337,https://doi.org/10.1162/rest_a_01337,RESTAT,2023,108,1,257,271,Five-Year Impacts of Group-Based Financial Education and Savings Promotion for Ugandan Youth,Samantha Horn; Julian Jamison; Dean Karlan; Jonathan Zinman,10.1162_rest_a_01337.pdf,
10.1162/rest_a_01296,https://doi.org/10.1162/rest_a_01296,RESTAT,2023,107,2,372,392,Identity Verification Standards in Welfare Programs: Experimental Evidence from India,Karthik Muralidharan; Paul Niehaus; Sandip Sukhtankar,10.1162_rest_a_01296.pdf,
10.1162/rest_a_01333,https://doi.org/10.1162/rest_a_01333,RESTAT,2023,107,3,835,844,Is Mobile Money Changing Rural Africa? Evidence from a Field Experiment,Cátia Batista; Pedro C. Vicente,10.1162_rest_a_01333.pdf,
10.1162/rest_a_01285,https://doi.org/10.1162/rest_a_01285,RESTAT,2023,107,3,845,852,"Low-Quality Seeds, Labor Supply, and Economic Returns: Experimental Evidence from Tanzania",Erwin Bulte; Salvatore Di Falco; Menale Kassie; Xavier Vollenweider,10.1162_rest_a_01285.pdf,
10.1162/rest_a_01359,https://doi.org/10.1162/rest_a_01359,RESTAT,2023,107,6,1537,1552,When Transparency Fails: Financial Incentives for Local Banking Agents in Indonesia,Erika Deserranno; Gianmarco León; Firman Witoelar,10.1162_rest_a_01359.pdf,
10.1162/rest_a_01529,https://doi.org/10.1162/rest_a_01529,RESTAT,2024,,,1,25,A Firm of One's Own: Experimental Evidence on Credit Constraints and Occupational Choice,Andrew Brudevold-Newman; Maddalena Honorati; Gerald Ipapa; Pamela Jakiela; Owen Ozier,10.1162_rest_a_01529.pdf,
10.1162/rest_a_01433,https://doi.org/10.1162/rest_a_01433,RESTAT,2024,107,6,1553,1572,"Biometric Monitoring, Service Delivery, and Misreporting: Evidence from Healthcare in India",Thomas Bossuroy; Clara Delavallade; Vincent Pons,10.1162_rest_a_01433.pdf,
10.1162/rest_a_01500,https://doi.org/10.1162/rest_a_01500,RESTAT,2024,,,1,33,Can a Trusted Messenger Change Behavior When Information Is Plentiful? Evidence from the First Months of the COVID-19 Pandemic in West Bengal,Abhijit Banerjee; Marcella Alsan; Emily Breza; Arun G. Chandrasekhar; A.K.M. Alauddin Chowdury; Esther Duflo; Paul Goldsmith-Pinkham; Benjamin Olken,10.1162_rest_a_01500.pdf,
10.1162/rest_a_01404,https://doi.org/10.1162/rest_a_01404,RESTAT,2024,107,5,1197,1214,Harvesting the Rain: The Adoption of Environmental Technologies in the Sahel,Jenny C. Aker; B. Kelsey Jack,10.1162_rest_a_01404.pdf,
10.1162/rest_a_01537,https://doi.org/10.1162/rest_a_01537,RESTAT,2024,,,1,45,Improving Workers' Performance in Small Firms: A Randomized Experiment on Goal Setting in Ghana,Elena Cettolin; Kym Cole; Patricio S. Dalton,10.1162_rest_a_01537.pdf,
10.1162/rest_a_01487,https://doi.org/10.1162/rest_a_01487,RESTAT,2024,,,1,56,Language Barriers in Multinationals and Knowledge Transfers,Louise Guillouët; Amit Khandelwal; Rocco Macchiavello; Madhav Malhotra; Matthieu Teachout,10.1162_rest_a_01487.pdf,
10.1162/rest.a.278,https://doi.org/10.1162/rest.a.278,RESTAT,2025,,,1,45,Agricultural Transformation and Farmers' Expectations: Experimental Evidence from Uganda,Jacopo Bonan; Harounan Kazianga; Mariapia Mendola,10.1162_rest.a.278.pdf,
10.1162/rest.a.1622,https://doi.org/10.1162/rest.a.1622,RESTAT,2025,,,1,28,Conscientiousness in the Workplace: Evidence from a Field Experiment in West Africa,Mathias Allemand; Martina Kirchberger; Sveta Milusheva; Carol Newman; Brent W. Roberts; Vincent Thorne,10.1162_rest.a.1622.pdf,
10.1162/rest.a.275,https://doi.org/10.1162/rest.a.275,RESTAT,2025,,,1,42,Heat and Team Production: Experimental Evidence from Bangladesh,Teevrat Garg; Maulik Jagnani; Elizabeth Lyons,10.1162_rest.a.275.pdf,
10.1162/rest.a.286,https://doi.org/10.1162/rest.a.286,RESTAT,2025,,,1,42,Monitoring Technology: The Impact of Body-Worn Cameras on Citizen-Police Interactions,Daniel Barbosa; Thiemo Fetzer; Caterina Soto-Vieira; Pedro Souza,10.1162_rest.a.286.pdf,
10.1162/rest.a.1693,https://doi.org/10.1162/rest.a.1693,RESTAT,2025,,,1,43,"Sex, Power, and Adolescence: Intimate Partner Violence and Sexual Behaviors",Manisha Shah; Jennifer Seager; Joao Montalvao; Markus Goldstein,10.1162_rest.a.1693.pdf,
10.1162/rest_a_01593,https://doi.org/10.1162/rest_a_01593,RESTAT,2025,,,1,32,"Subsidies, Information, and the Timing of Children's Health Care in Mali",Anja Sautmann; Samuel Brown; Mark Dean,10.1162_rest_a_01593.pdf,
10.1162/rest.a.1689,https://doi.org/10.1162/rest.a.1689,RESTAT,2025,,,1,45,The Long-Term Impact of High School Financial Education: Evidence from Brazil,Miriam Bruhn; Gabriel Garber; Sergio Koyama; Bilal Zia,10.1162_rest.a.1689.pdf,
10.1162/rest_a_01587,https://doi.org/10.1162/rest_a_01587,RESTAT,2025,,,1,46,The Selection Effects of Part-Time Work: Experimental Evidence from a Large-Scale Recruitment Drive,Hyuncheol Bryant Kim; Hyunseob Kim; John Y. Zhu,10.1162_rest_a_01587.pdf,
